file,frame,class,confidence,x1,y1,x2,y2
frame_0000_t000-27.png,,elephant,0.981,1804,524,1891,769
frame_0000_t000-27.png,,elephant,0.907,1573,589,1776,799
frame_0001_t000-47.png,,elephant,0.967,1783,480,1919,732
frame_0001_t000-47.png,,elephant,0.928,1565,583,1781,799
frame_0001_t000-47.png,,elephant,0.379,1567,645,1681,725
frame_0001_t000-47.png,,elephant,0.282,1794,600,1910,711
frame_0001_t000-47.png,,elephant,0.279,1836,609,1906,698
frame_0002_t000-67.png,,elephant,0.97,1774,474,1920,703
frame_0002_t000-67.png,,elephant,0.924,1559,574,1790,805
frame_0002_t000-67.png,,elephant,0.265,1561,640,1687,724
frame_0002_t000-67.png,,elephant,0.25,1804,605,1918,664
frame_0003_t000-87.png,,elephant,0.96,1561,572,1749,795
frame_0003_t000-87.png,,elephant,0.891,1759,468,1919,740
frame_0003_t000-87.png,,chimpanzee,0.292,203,190,283,341
frame_0003_t000-87.png,,elephant,0.291,1584,601,1740,770
frame_0004_t001-07.png,,elephant,0.949,1560,574,1740,758
frame_0004_t001-07.png,,elephant,0.914,1745,492,1919,810
frame_0004_t001-07.png,,elephant,0.468,1823,593,1919,799
frame_0004_t001-07.png,,elephant,0.293,1554,633,1637,693
frame_0005_t001-27.png,,elephant,0.931,1565,579,1743,757
frame_0005_t001-27.png,,elephant,0.907,1736,513,1919,800
frame_0005_t001-27.png,,elephant,0.525,1818,574,1919,802
frame_0006_t001-47.png,,elephant,0.941,1568,578,1744,741
frame_0006_t001-47.png,,elephant,0.935,1722,499,1920,793
frame_0006_t001-47.png,,elephant,0.292,1784,661,1898,790
frame_0007_t001-67.png,,elephant,0.949,1571,571,1760,723
frame_0007_t001-67.png,,elephant,0.935,1694,478,1919,805
frame_0008_t001-87.png,,elephant,0.957,1679,469,1919,796
frame_0008_t001-87.png,,elephant,0.949,1563,571,1755,714
frame_0008_t001-87.png,,elephant,0.472,1646,596,1748,719
frame_0008_t001-87.png,,elephant,0.268,1559,573,1707,689
frame_0009_t002-07.png,,elephant,0.898,1647,458,1919,776
frame_0009_t002-07.png,,elephant,0.85,1538,569,1737,684
frame_0009_t002-07.png,,elephant,0.598,1574,572,1687,684
frame_0009_t002-07.png,,elephant,0.459,1579,579,1719,704
frame_0010_t002-27.png,,elephant,0.952,1626,441,1920,760
frame_0010_t002-27.png,,elephant,0.801,1531,567,1712,670
frame_0010_t002-27.png,,elephant,0.499,1553,566,1654,667
frame_0010_t002-27.png,,elephant,0.294,1625,569,1734,684
frame_0010_t002-27.png,,elephant,0.255,1551,565,1743,682
frame_0011_t002-47.png,,elephant,0.949,1608,426,1920,734
frame_0011_t002-47.png,,elephant,0.75,1533,557,1751,671
frame_0011_t002-47.png,,elephant,0.699,1585,551,1735,671
frame_0012_t002-67.png,,elephant,0.947,1592,409,1920,730
frame_0012_t002-67.png,,elephant,0.824,1550,536,1722,666
frame_0013_t002-87.png,,elephant,0.952,1571,396,1920,723
frame_0013_t002-87.png,,elephant,0.808,1523,525,1711,653
frame_0014_t003-07.png,,elephant,0.93,1505,510,1687,645
frame_0014_t003-07.png,,elephant,0.916,1554,381,1919,729
frame_0015_t003-27.png,,elephant,0.867,1541,364,1918,724
frame_0015_t003-27.png,,elephant,0.866,1494,500,1674,622
frame_0016_t003-47.png,,elephant,0.915,1527,355,1910,715
frame_0016_t003-47.png,,elephant,0.872,1479,487,1662,619
frame_0016_t003-47.png,,chimpanzee,0.352,752,418,826,583
frame_0017_t003-67.png,,elephant,0.907,1475,482,1639,609
frame_0017_t003-67.png,,elephant,0.887,1522,346,1892,702
frame_0018_t003-87.png,,elephant,0.911,1458,478,1623,598
frame_0018_t003-87.png,,elephant,0.871,1505,335,1880,695
frame_0019_t004-07.png,,elephant,0.917,1454,472,1613,593
frame_0019_t004-07.png,,elephant,0.883,1499,331,1869,693
frame_0020_t004-27.png,,elephant,0.972,1444,474,1594,593
frame_0020_t004-27.png,,elephant,0.942,1480,326,1861,690
frame_0021_t004-47.png,,elephant,0.962,1441,469,1589,579
frame_0021_t004-47.png,,elephant,0.922,1478,318,1852,685
frame_0022_t004-67.png,,elephant,0.932,1443,467,1590,575
frame_0022_t004-67.png,,elephant,0.926,1471,317,1847,680
frame_0023_t004-87.png,,elephant,0.959,1428,469,1589,575
frame_0023_t004-87.png,,elephant,0.877,1468,315,1841,681
frame_0023_t004-87.png,,elephant,0.621,1454,497,1591,573
frame_0023_t004-87.png,,elephant,0.35,1452,449,1577,557
frame_0024_t005-07.png,,elephant,0.968,1429,469,1583,577
frame_0024_t005-07.png,,elephant,0.882,1468,317,1840,679
frame_0024_t005-07.png,,elephant,0.377,1448,455,1572,553
frame_0025_t005-27.png,,elephant,0.958,1433,460,1580,576
frame_0025_t005-27.png,,elephant,0.859,1468,315,1835,680
frame_0025_t005-27.png,,elephant,0.34,1439,448,1571,552
frame_0026_t005-47.png,,elephant,0.955,1429,462,1573,576
frame_0026_t005-47.png,,elephant,0.86,1465,311,1833,681
frame_0026_t005-47.png,,elephant,0.395,1436,451,1565,555
frame_0027_t005-67.png,,elephant,0.9,1419,469,1565,576
frame_0027_t005-67.png,,elephant,0.87,1459,313,1827,677
frame_0028_t005-87.png,,elephant,0.932,1423,473,1564,575
frame_0028_t005-87.png,,elephant,0.85,1458,317,1827,684
frame_0029_t006-07.png,,elephant,0.868,1410,473,1554,575
frame_0029_t006-07.png,,elephant,0.866,1450,317,1819,683
frame_0029_t006-07.png,,elephant,0.635,1447,493,1568,575
frame_0029_t006-07.png,,elephant,0.318,1471,509,1573,585
frame_0030_t006-27.png,,elephant,0.886,1441,324,1803,685
frame_0030_t006-27.png,,elephant,0.873,1403,479,1537,577
frame_0030_t006-27.png,,elephant,0.816,1456,503,1553,575
frame_0031_t006-47.png,,elephant,0.897,1432,329,1796,686
frame_0031_t006-47.png,,elephant,0.703,1387,484,1534,575
frame_0031_t006-47.png,,elephant,0.692,1464,508,1547,577
frame_0031_t006-47.png,,elephant,0.404,1407,500,1541,578
frame_0032_t006-67.png,,elephant,0.857,1426,336,1784,692
frame_0032_t006-67.png,,elephant,0.841,1377,476,1545,582
frame_0032_t006-67.png,,elephant,0.733,1881,497,1920,855
frame_0032_t006-67.png,,elephant,0.626,1412,507,1528,579
frame_0032_t006-67.png,,elephant,0.595,1405,466,1526,578
frame_0032_t006-67.png,,elephant,0.432,1452,510,1534,580
frame_0032_t006-67.png,,elephant,0.29,1817,498,1920,850
frame_0032_t006-67.png,,elephant,0.277,1377,495,1509,586
frame_0033_t006-87.png,,elephant,0.852,1368,478,1523,587
frame_0033_t006-87.png,,elephant,0.845,1409,330,1778,694
frame_0033_t006-87.png,,elephant,0.467,1875,437,1920,897
frame_0033_t006-87.png,,elephant,0.457,1411,502,1516,589
frame_0033_t006-87.png,,elephant,0.443,1384,467,1517,571
frame_0033_t006-87.png,,elephant,0.3,1371,486,1478,578
frame_0034_t007-07.png,,elephant,0.921,1390,329,1757,695
frame_0034_t007-07.png,,elephant,0.758,1354,483,1517,587
frame_0034_t007-07.png,,elephant,0.749,1355,494,1475,586
frame_0034_t007-07.png,,elephant,0.351,1360,469,1497,575
frame_0034_t007-07.png,,elephant,0.322,1864,410,1920,907
frame_0035_t007-27.png,,elephant,0.891,1385,334,1741,693
frame_0035_t007-27.png,,elephant,0.831,1341,485,1489,594
frame_0035_t007-27.png,,elephant,0.338,1346,466,1497,581
frame_0036_t007-47.png,,elephant,0.886,1380,334,1732,693
frame_0036_t007-47.png,,elephant,0.869,1330,479,1484,586
frame_0036_t007-47.png,,elephant,0.377,1824,374,1919,889
frame_0036_t007-47.png,,elephant,0.25,1332,485,1447,579
frame_0037_t007-67.png,,elephant,0.918,1318,486,1438,578
frame_0037_t007-67.png,,elephant,0.83,1368,326,1726,691
frame_0037_t007-67.png,,elephant,0.826,1318,479,1472,583
frame_0037_t007-67.png,,elephant,0.381,1318,510,1465,585
frame_0038_t007-87.png,,elephant,0.868,1356,318,1708,683
frame_0038_t007-87.png,,elephant,0.691,1306,471,1436,577
frame_0039_t008-07.png,,elephant,0.907,1347,312,1696,681
frame_0039_t008-07.png,,elephant,0.784,1305,469,1432,574
frame_0039_t008-07.png,,elephant,0.404,1311,477,1406,571
frame_0040_t008-27.png,,elephant,0.954,1339,309,1683,674
frame_0040_t008-27.png,,elephant,0.881,1303,467,1413,566
frame_0040_t008-27.png,,elephant,0.808,1303,467,1464,565
frame_0040_t008-27.png,,elephant,0.285,1314,483,1449,559
frame_0040_t008-27.png,,elephant,0.264,1308,451,1447,553
frame_0041_t008-47.png,,elephant,0.925,1340,298,1680,669
frame_0041_t008-47.png,,elephant,0.72,1304,450,1470,555
frame_0041_t008-47.png,,elephant,0.54,1302,451,1423,551
frame_0041_t008-47.png,,elephant,0.342,1357,466,1465,566
frame_0041_t008-47.png,,elephant,0.265,1797,415,1920,860
frame_0042_t008-67.png,,elephant,0.909,1336,287,1671,656
frame_0042_t008-67.png,,elephant,0.729,1305,443,1438,546
