synthetic,background,pasted_class,cutout
cp_0000_gorillas2_frame_0004_t001-04,gorillas2_frame_0004_t001-04,elephant,elephant_frame_0026_t005-47_1.png
cp_0000_gorillas2_frame_0004_t001-04,gorillas2_frame_0004_t001-04,elephant,elephant_frame_0003_t000-87_0.png
cp_0001_antelope_frame_0075_t015-27,antelope_frame_0075_t015-27,elephant,elephant_frame_0029_t006-07_1.png
cp_0001_antelope_frame_0075_t015-27,antelope_frame_0075_t015-27,antelope,antelope_frame_0069_t014-07_1.png
cp_0001_antelope_frame_0075_t015-27,antelope_frame_0075_t015-27,antelope,antelope_frame_0069_t014-07_1.png
cp_0002_hog_frame_0093_t018-87,hog_frame_0093_t018-87,bird,hippo2_frame_0033_t006-88_8.png
cp_0002_hog_frame_0093_t018-87,hog_frame_0093_t018-87,elephant,elephant_frame_0002_t000-67_0.png
cp_0002_hog_frame_0093_t018-87,hog_frame_0093_t018-87,antelope,antelope_frame_0067_t013-67_1.png
cp_0003_hippo2_frame_0025_t005-26,hippo2_frame_0025_t005-26,elephant,elephant_frame_0029_t006-07_1.png
cp_0003_hippo2_frame_0025_t005-26,hippo2_frame_0025_t005-26,bird,hippo2_frame_0003_t000-88_7.png
cp_0004_antelope_frame_0082_t016-67,antelope_frame_0082_t016-67,antelope,antelope_frame_0067_t013-67_1.png
cp_0004_antelope_frame_0082_t016-67,antelope_frame_0082_t016-67,bird,hippo2_frame_0012_t002-67_9.png
cp_0004_antelope_frame_0082_t016-67,antelope_frame_0082_t016-67,antelope,antelope_frame_0076_t015-47_1.png
cp_0005_hog_frame_0061_t012-47,hog_frame_0061_t012-47,elephant,elephant_frame_0003_t000-87_1.png
cp_0005_hog_frame_0061_t012-47,hog_frame_0061_t012-47,antelope,antelope_frame_0016_t003-47_0.png
cp_0006_gorillas3_frame_0004_t001-04,gorillas3_frame_0004_t001-04,elephant,elephant_frame_0004_t001-07_1.png
cp_0007_hippo2_frame_0154_t031-07,hippo2_frame_0154_t031-07,bird,hippo2_frame_0003_t000-88_5.png
cp_0007_hippo2_frame_0154_t031-07,hippo2_frame_0154_t031-07,elephant,elephant_frame_0017_t003-67_1.png
cp_0007_hippo2_frame_0154_t031-07,hippo2_frame_0154_t031-07,elephant,elephant_frame_0005_t001-27_1.png
cp_0008_antelope_frame_0071_t014-47,antelope_frame_0071_t014-47,elephant,elephant_frame_0013_t002-87_1.png
cp_0009_chimpanzees_land_frame_0004_t001-07,chimpanzees_land_frame_0004_t001-07,antelope,antelope_frame_0027_t005-67_0.png
cp_0009_chimpanzees_land_frame_0004_t001-07,chimpanzees_land_frame_0004_t001-07,antelope,antelope_frame_0072_t014-67_1.png
cp_0009_chimpanzees_land_frame_0004_t001-07,chimpanzees_land_frame_0004_t001-07,antelope,antelope_frame_0022_t004-67_0.png
cp_0010_hippo_frame_0026_t005-47,hippo_frame_0026_t005-47,bird,hippo2_frame_0003_t000-88_6.png
cp_0011_chimpanzees_port_frame_0180_t036-27,chimpanzees_port_frame_0180_t036-27,elephant,elephant_frame_0012_t002-67_1.png
cp_0011_chimpanzees_port_frame_0180_t036-27,chimpanzees_port_frame_0180_t036-27,antelope,antelope_frame_0018_t003-87_0.png
cp_0012_hippo2_frame_0171_t034-45,hippo2_frame_0171_t034-45,elephant,elephant_frame_0006_t001-47_1.png
cp_0013_gorillas3_frame_0026_t005-46,gorillas3_frame_0026_t005-46,antelope,antelope_frame_0087_t017-67_0.png
cp_0013_gorillas3_frame_0026_t005-46,gorillas3_frame_0026_t005-46,bird,hippo2_frame_0013_t002-88_7.png
cp_0014_hippo2_frame_0079_t016-06,hippo2_frame_0079_t016-06,antelope,antelope_frame_0004_t001-07_0.png
cp_0014_hippo2_frame_0079_t016-06,hippo2_frame_0079_t016-06,antelope,antelope_frame_0055_t011-27_0.png
cp_0014_hippo2_frame_0079_t016-06,hippo2_frame_0079_t016-06,bird,hippo2_frame_0040_t008-26_4.png
cp_0015_hog_frame_0021_t004-47,hog_frame_0021_t004-47,antelope,antelope_frame_0087_t017-67_0.png
cp_0016_hippo2_frame_0169_t034-08,hippo2_frame_0169_t034-08,antelope,antelope_frame_0037_t007-67_0.png
cp_0017_antelope_frame_0022_t004-67,antelope_frame_0022_t004-67,antelope,antelope_frame_0098_t019-87_1.png
cp_0017_antelope_frame_0022_t004-67,antelope_frame_0022_t004-67,antelope,antelope_frame_0084_t017-07_1.png
cp_0018_antelope_frame_0019_t004-07,antelope_frame_0019_t004-07,elephant,elephant_frame_0010_t002-27_1.png
cp_0019_hog_frame_0016_t003-47,hog_frame_0016_t003-47,bird,hippo2_frame_0025_t005-26_4.png
cp_0019_hog_frame_0016_t003-47,hog_frame_0016_t003-47,bird,hippo2_frame_0011_t002-46_9.png
cp_0019_hog_frame_0016_t003-47,hog_frame_0016_t003-47,elephant,elephant_frame_0015_t003-27_1.png
cp_0020_antelope_frame_0036_t007-47,antelope_frame_0036_t007-47,elephant,elephant_frame_0004_t001-07_1.png
cp_0021_chimpanzees_land_frame_0033_t006-87,chimpanzees_land_frame_0033_t006-87,elephant,elephant_frame_0009_t002-07_1.png
cp_0021_chimpanzees_land_frame_0033_t006-87,chimpanzees_land_frame_0033_t006-87,elephant,elephant_frame_0008_t001-87_1.png
cp_0022_hippo_frame_0050_t010-27,hippo_frame_0050_t010-27,elephant,elephant_frame_0002_t000-67_1.png
cp_0022_hippo_frame_0050_t010-27,hippo_frame_0050_t010-27,antelope,antelope_frame_0057_t011-67_0.png
cp_0022_hippo_frame_0050_t010-27,hippo_frame_0050_t010-27,antelope,antelope_frame_0003_t000-87_0.png
cp_0023_chimpanzees_land_frame_0022_t004-67,chimpanzees_land_frame_0022_t004-67,elephant,elephant_frame_0007_t001-67_1.png
cp_0023_chimpanzees_land_frame_0022_t004-67,chimpanzees_land_frame_0022_t004-67,antelope,antelope_frame_0062_t012-67_1.png
cp_0024_hippo2_frame_0038_t007-88,hippo2_frame_0038_t007-88,bird,hippo2_frame_0016_t003-46_4.png
cp_0024_hippo2_frame_0038_t007-88,hippo2_frame_0038_t007-88,antelope,antelope_frame_0067_t013-67_1.png
cp_0025_hog_frame_0086_t017-47,hog_frame_0086_t017-47,elephant,elephant_frame_0004_t001-07_1.png
cp_0025_hog_frame_0086_t017-47,hog_frame_0086_t017-47,bird,hippo2_frame_0099_t020-06_4.png
cp_0026_chimpanzees_port_frame_0165_t033-27,chimpanzees_port_frame_0165_t033-27,elephant,elephant_frame_0000_t000-27_0.png
cp_0027_chimpanzees_land_frame_0053_t010-87,chimpanzees_land_frame_0053_t010-87,bird,hippo2_frame_0017_t003-67_9.png
cp_0027_chimpanzees_land_frame_0053_t010-87,chimpanzees_land_frame_0053_t010-87,bird,hippo2_frame_0040_t008-26_4.png
cp_0027_chimpanzees_land_frame_0053_t010-87,chimpanzees_land_frame_0053_t010-87,antelope,antelope_frame_0094_t019-07_1.png
cp_0028_hog_frame_0059_t012-07,hog_frame_0059_t012-07,bird,hippo2_frame_0012_t002-67_7.png
cp_0028_hog_frame_0059_t012-07,hog_frame_0059_t012-07,elephant,elephant_frame_0005_t001-27_1.png
cp_0029_hippo2_frame_0010_t002-25,hippo2_frame_0010_t002-25,antelope,antelope_frame_0040_t008-27_0.png
cp_0029_hippo2_frame_0010_t002-25,hippo2_frame_0010_t002-25,bird,hippo2_frame_0024_t005-05_9.png
cp_0030_hog_frame_0078_t015-87,hog_frame_0078_t015-87,bird,hippo2_frame_0033_t006-88_8.png
cp_0030_hog_frame_0078_t015-87,hog_frame_0078_t015-87,antelope,antelope_frame_0002_t000-67_0.png
cp_0031_chimpanzees_land_frame_0008_t001-87,chimpanzees_land_frame_0008_t001-87,bird,hippo2_frame_0017_t003-67_4.png
cp_0031_chimpanzees_land_frame_0008_t001-87,chimpanzees_land_frame_0008_t001-87,elephant,elephant_frame_0001_t000-47_1.png
cp_0031_chimpanzees_land_frame_0008_t001-87,chimpanzees_land_frame_0008_t001-87,bird,hippo2_frame_0104_t021-06_4.png
cp_0032_hippo2_frame_0037_t007-67,hippo2_frame_0037_t007-67,bird,hippo2_frame_0012_t002-67_4.png
cp_0032_hippo2_frame_0037_t007-67,hippo2_frame_0037_t007-67,bird,hippo2_frame_0004_t001-04_7.png
cp_0032_hippo2_frame_0037_t007-67,hippo2_frame_0037_t007-67,antelope,antelope_frame_0055_t011-27_0.png
cp_0033_antelope_frame_0030_t006-27,antelope_frame_0030_t006-27,antelope,antelope_frame_0043_t008-87_0.png
cp_0033_antelope_frame_0030_t006-27,antelope_frame_0030_t006-27,elephant,elephant_frame_0000_t000-27_1.png
cp_0034_hog_frame_0087_t017-67,hog_frame_0087_t017-67,elephant,elephant_frame_0004_t001-07_1.png
cp_0034_hog_frame_0087_t017-67,hog_frame_0087_t017-67,antelope,antelope_frame_0017_t003-67_0.png
cp_0035_hippo2_frame_0124_t025-07,hippo2_frame_0124_t025-07,antelope,antelope_frame_0025_t005-27_0.png
cp_0036_chimpanzees_port_frame_0258_t051-87,chimpanzees_port_frame_0258_t051-87,elephant,elephant_frame_0005_t001-27_1.png
cp_0036_chimpanzees_port_frame_0258_t051-87,chimpanzees_port_frame_0258_t051-87,elephant,elephant_frame_0000_t000-27_1.png
cp_0036_chimpanzees_port_frame_0258_t051-87,chimpanzees_port_frame_0258_t051-87,elephant,elephant_frame_0020_t004-27_0.png
cp_0037_hippo2_frame_0157_t031-66,hippo2_frame_0157_t031-66,elephant,elephant_frame_0022_t004-67_0.png
cp_0037_hippo2_frame_0157_t031-66,hippo2_frame_0157_t031-66,elephant,elephant_frame_0000_t000-27_0.png
cp_0038_chimpanzees_port_frame_0235_t047-27,chimpanzees_port_frame_0235_t047-27,elephant,elephant_frame_0005_t001-27_1.png
cp_0038_chimpanzees_port_frame_0235_t047-27,chimpanzees_port_frame_0235_t047-27,antelope,antelope_frame_0053_t010-87_0.png
cp_0039_gorillas3_frame_0032_t006-67,gorillas3_frame_0032_t006-67,antelope,antelope_frame_0020_t004-27_0.png
cp_0039_gorillas3_frame_0032_t006-67,gorillas3_frame_0032_t006-67,elephant,elephant_frame_0022_t004-67_0.png
cp_0040_chimpanzees_port_frame_0197_t039-67,chimpanzees_port_frame_0197_t039-67,bird,hippo2_frame_0031_t006-46_8.png
cp_0040_chimpanzees_port_frame_0197_t039-67,chimpanzees_port_frame_0197_t039-67,elephant,elephant_frame_0006_t001-47_1.png
cp_0041_hippo2_frame_0051_t010-47,hippo2_frame_0051_t010-47,elephant,elephant_frame_0009_t002-07_1.png
cp_0041_hippo2_frame_0051_t010-47,hippo2_frame_0051_t010-47,elephant,elephant_frame_0017_t003-67_1.png
cp_0042_chimpanzees_land_frame_0024_t005-07,chimpanzees_land_frame_0024_t005-07,bird,hippo2_frame_0023_t004-88_4.png
cp_0042_chimpanzees_land_frame_0024_t005-07,chimpanzees_land_frame_0024_t005-07,bird,hippo2_frame_0024_t005-05_4.png
cp_0043_hog_frame_0012_t002-67,hog_frame_0012_t002-67,elephant,elephant_frame_0007_t001-67_1.png
cp_0043_hog_frame_0012_t002-67,hog_frame_0012_t002-67,bird,hippo2_frame_0002_t000-67_7.png
cp_0044_antelope_frame_0006_t001-47,antelope_frame_0006_t001-47,elephant,elephant_frame_0000_t000-27_0.png
cp_0044_antelope_frame_0006_t001-47,antelope_frame_0006_t001-47,antelope,antelope_frame_0031_t006-47_0.png
cp_0045_gorillas3_frame_0012_t002-67,gorillas3_frame_0012_t002-67,antelope,antelope_frame_0051_t010-47_0.png
cp_0045_gorillas3_frame_0012_t002-67,gorillas3_frame_0012_t002-67,antelope,antelope_frame_0020_t004-27_0.png
cp_0046_gorillas2_frame_0008_t001-88,gorillas2_frame_0008_t001-88,elephant,elephant_frame_0006_t001-47_1.png
cp_0046_gorillas2_frame_0008_t001-88,gorillas2_frame_0008_t001-88,elephant,elephant_frame_0005_t001-27_1.png
cp_0046_gorillas2_frame_0008_t001-88,gorillas2_frame_0008_t001-88,antelope,antelope_frame_0094_t019-07_1.png
cp_0047_hippo2_frame_0152_t030-66,hippo2_frame_0152_t030-66,bird,hippo2_frame_0037_t007-67_4.png
cp_0047_hippo2_frame_0152_t030-66,hippo2_frame_0152_t030-66,bird,hippo2_frame_0016_t003-46_6.png
cp_0047_hippo2_frame_0152_t030-66,hippo2_frame_0152_t030-66,elephant,elephant_frame_0000_t000-27_0.png
cp_0048_hippo2_frame_0128_t025-86,hippo2_frame_0128_t025-86,bird,hippo2_frame_0012_t002-67_5.png
cp_0048_hippo2_frame_0128_t025-86,hippo2_frame_0128_t025-86,antelope,antelope_frame_0043_t008-87_0.png
cp_0049_chimpanzees_port_frame_0243_t048-87,chimpanzees_port_frame_0243_t048-87,bird,hippo2_frame_0018_t003-88_5.png
cp_0049_chimpanzees_port_frame_0243_t048-87,chimpanzees_port_frame_0243_t048-87,elephant,elephant_frame_0029_t006-07_1.png
cp_0050_hog_frame_0077_t015-67,hog_frame_0077_t015-67,antelope,antelope_frame_0060_t012-27_0.png
cp_0050_hog_frame_0077_t015-67,hog_frame_0077_t015-67,antelope,antelope_frame_0021_t004-47_0.png
cp_0051_antelope_frame_0078_t015-87,antelope_frame_0078_t015-87,bird,hippo2_frame_0110_t022-27_4.png
cp_0051_antelope_frame_0078_t015-87,antelope_frame_0078_t015-87,antelope,antelope_frame_0037_t007-67_0.png
cp_0052_hippo2_frame_0075_t015-27,hippo2_frame_0075_t015-27,bird,hippo2_frame_0104_t021-06_4.png
cp_0052_hippo2_frame_0075_t015-27,hippo2_frame_0075_t015-27,elephant,elephant_frame_0008_t001-87_1.png
cp_0053_gorillas2_frame_0034_t007-05,gorillas2_frame_0034_t007-05,elephant,elephant_frame_0000_t000-27_0.png
cp_0054_gorillas2_frame_0003_t000-88,gorillas2_frame_0003_t000-88,elephant,elephant_frame_0016_t003-47_1.png
cp_0054_gorillas2_frame_0003_t000-88,gorillas2_frame_0003_t000-88,elephant,elephant_frame_0014_t003-07_1.png
cp_0054_gorillas2_frame_0003_t000-88,gorillas2_frame_0003_t000-88,antelope,antelope_frame_0069_t014-07_1.png
cp_0055_hippo2_frame_0044_t009-05,hippo2_frame_0044_t009-05,elephant,elephant_frame_0023_t004-87_0.png
cp_0055_hippo2_frame_0044_t009-05,hippo2_frame_0044_t009-05,elephant,elephant_frame_0025_t005-27_1.png
cp_0055_hippo2_frame_0044_t009-05,hippo2_frame_0044_t009-05,elephant,elephant_frame_0000_t000-27_1.png
cp_0056_gorillas3_frame_0000_t000-25,gorillas3_frame_0000_t000-25,antelope,antelope_frame_0029_t006-07_0.png
cp_0057_hog_frame_0014_t003-07,hog_frame_0014_t003-07,elephant,elephant_frame_0020_t004-27_0.png
cp_0057_hog_frame_0014_t003-07,hog_frame_0014_t003-07,antelope,antelope_frame_0054_t011-07_0.png
cp_0058_hippo2_frame_0141_t028-45,hippo2_frame_0141_t028-45,bird,hippo2_frame_0100_t020-27_4.png
cp_0058_hippo2_frame_0141_t028-45,hippo2_frame_0141_t028-45,elephant,elephant_frame_0000_t000-27_1.png
cp_0058_hippo2_frame_0141_t028-45,hippo2_frame_0141_t028-45,bird,hippo2_frame_0099_t020-06_4.png
cp_0059_hippo2_frame_0140_t028-28,hippo2_frame_0140_t028-28,bird,hippo2_frame_0007_t001-67_6.png
cp_0059_hippo2_frame_0140_t028-28,hippo2_frame_0140_t028-28,antelope,antelope_frame_0050_t010-27_0.png
cp_0059_hippo2_frame_0140_t028-28,hippo2_frame_0140_t028-28,elephant,elephant_frame_0012_t002-67_1.png
cp_0060_antelope_frame_0021_t004-47,antelope_frame_0021_t004-47,antelope,antelope_frame_0004_t001-07_0.png
cp_0060_antelope_frame_0021_t004-47,antelope_frame_0021_t004-47,antelope,antelope_frame_0087_t017-67_1.png
cp_0061_gorillas2_frame_0005_t001-25,gorillas2_frame_0005_t001-25,elephant,elephant_frame_0015_t003-27_1.png
cp_0061_gorillas2_frame_0005_t001-25,gorillas2_frame_0005_t001-25,antelope,antelope_frame_0072_t014-67_1.png
cp_0062_hippo_frame_0057_t011-67,hippo_frame_0057_t011-67,antelope,antelope_frame_0086_t017-47_1.png
cp_0062_hippo_frame_0057_t011-67,hippo_frame_0057_t011-67,elephant,elephant_frame_0029_t006-07_1.png
cp_0063_chimpanzees_land_frame_0074_t015-07,chimpanzees_land_frame_0074_t015-07,bird,hippo2_frame_0010_t002-25_5.png
cp_0064_hippo2_frame_0061_t012-47,hippo2_frame_0061_t012-47,elephant,elephant_frame_0021_t004-47_0.png
cp_0064_hippo2_frame_0061_t012-47,hippo2_frame_0061_t012-47,antelope,antelope_frame_0090_t018-27_1.png
cp_0064_hippo2_frame_0061_t012-47,hippo2_frame_0061_t012-47,antelope,antelope_frame_0098_t019-87_1.png
cp_0065_hippo_frame_0037_t007-67,hippo_frame_0037_t007-67,elephant,elephant_frame_0023_t004-87_0.png
cp_0065_hippo_frame_0037_t007-67,hippo_frame_0037_t007-67,bird,hippo2_frame_0106_t021-48_4.png
cp_0065_hippo_frame_0037_t007-67,hippo_frame_0037_t007-67,elephant,elephant_frame_0016_t003-47_1.png
cp_0066_chimpanzees_port_frame_0124_t025-07,chimpanzees_port_frame_0124_t025-07,elephant,elephant_frame_0022_t004-67_0.png
cp_0066_chimpanzees_port_frame_0124_t025-07,chimpanzees_port_frame_0124_t025-07,elephant,elephant_frame_0022_t004-67_0.png
cp_0067_chimpanzees_port_frame_0213_t042-87,chimpanzees_port_frame_0213_t042-87,bird,hippo2_frame_0102_t020-65_4.png
cp_0067_chimpanzees_port_frame_0213_t042-87,chimpanzees_port_frame_0213_t042-87,elephant,elephant_frame_0000_t000-27_0.png
cp_0068_gorillas3_frame_0014_t003-04,gorillas3_frame_0014_t003-04,bird,hippo2_frame_0018_t003-88_5.png
cp_0068_gorillas3_frame_0014_t003-04,gorillas3_frame_0014_t003-04,bird,hippo2_frame_0014_t003-04_6.png
cp_0068_gorillas3_frame_0014_t003-04,gorillas3_frame_0014_t003-04,elephant,elephant_frame_0016_t003-47_1.png
cp_0069_hippo_frame_0006_t001-47,hippo_frame_0006_t001-47,bird,hippo2_frame_0015_t003-25_9.png
cp_0069_hippo_frame_0006_t001-47,hippo_frame_0006_t001-47,elephant,elephant_frame_0004_t001-07_0.png
cp_0069_hippo_frame_0006_t001-47,hippo_frame_0006_t001-47,bird,hippo2_frame_0032_t006-67_8.png
cp_0070_chimpanzees_land_frame_0067_t013-67,chimpanzees_land_frame_0067_t013-67,antelope,antelope_frame_0062_t012-67_0.png
cp_0071_hippo_frame_0066_t013-47,hippo_frame_0066_t013-47,elephant,elephant_frame_0029_t006-07_1.png
cp_0071_hippo_frame_0066_t013-47,hippo_frame_0066_t013-47,elephant,elephant_frame_0002_t000-67_1.png
cp_0071_hippo_frame_0066_t013-47,hippo_frame_0066_t013-47,antelope,antelope_frame_0043_t008-87_0.png
cp_0072_gorillas_frame_0002_t000-67,gorillas_frame_0002_t000-67,antelope,antelope_frame_0059_t012-07_0.png
cp_0073_chimpanzees_port_frame_0258_t051-87,chimpanzees_port_frame_0258_t051-87,elephant,elephant_frame_0023_t004-87_0.png
cp_0074_hippo_frame_0045_t009-27,hippo_frame_0045_t009-27,antelope,antelope_frame_0019_t004-07_0.png
cp_0074_hippo_frame_0045_t009-27,hippo_frame_0045_t009-27,antelope,antelope_frame_0045_t009-27_0.png
cp_0075_hippo2_frame_0127_t025-65,hippo2_frame_0127_t025-65,bird,hippo2_frame_0016_t003-46_5.png
cp_0075_hippo2_frame_0127_t025-65,hippo2_frame_0127_t025-65,bird,hippo2_frame_0006_t001-46_6.png
cp_0076_antelope_frame_0019_t004-07,antelope_frame_0019_t004-07,antelope,antelope_frame_0026_t005-47_0.png
cp_0076_antelope_frame_0019_t004-07,antelope_frame_0019_t004-07,antelope,antelope_frame_0006_t001-47_0.png
cp_0077_antelope_frame_0079_t016-07,antelope_frame_0079_t016-07,elephant,elephant_frame_0016_t003-47_1.png
cp_0077_antelope_frame_0079_t016-07,antelope_frame_0079_t016-07,elephant,elephant_frame_0023_t004-87_0.png
cp_0078_gorillas2_frame_0006_t001-46,gorillas2_frame_0006_t001-46,elephant,elephant_frame_0003_t000-87_1.png
cp_0079_chimpanzees_port_frame_0265_t053-27,chimpanzees_port_frame_0265_t053-27,antelope,antelope_frame_0093_t018-87_1.png
cp_0079_chimpanzees_port_frame_0265_t053-27,chimpanzees_port_frame_0265_t053-27,bird,hippo2_frame_0018_t003-88_9.png
cp_0080_hippo2_frame_0168_t033-87,hippo2_frame_0168_t033-87,elephant,elephant_frame_0002_t000-67_1.png
cp_0080_hippo2_frame_0168_t033-87,hippo2_frame_0168_t033-87,elephant,elephant_frame_0027_t005-67_1.png
cp_0080_hippo2_frame_0168_t033-87,hippo2_frame_0168_t033-87,elephant,elephant_frame_0005_t001-27_0.png
cp_0081_hippo2_frame_0160_t032-28,hippo2_frame_0160_t032-28,elephant,elephant_frame_0015_t003-27_1.png
cp_0081_hippo2_frame_0160_t032-28,hippo2_frame_0160_t032-28,elephant,elephant_frame_0008_t001-87_1.png
cp_0081_hippo2_frame_0160_t032-28,hippo2_frame_0160_t032-28,elephant,elephant_frame_0005_t001-27_0.png
cp_0082_gorillas2_frame_0005_t001-25,gorillas2_frame_0005_t001-25,antelope,antelope_frame_0022_t004-67_0.png
cp_0082_gorillas2_frame_0005_t001-25,gorillas2_frame_0005_t001-25,elephant,elephant_frame_0014_t003-07_1.png
cp_0082_gorillas2_frame_0005_t001-25,gorillas2_frame_0005_t001-25,bird,hippo2_frame_0103_t020-85_6.png
cp_0083_gorillas2_frame_0038_t007-88,gorillas2_frame_0038_t007-88,bird,hippo2_frame_0040_t008-26_7.png
cp_0083_gorillas2_frame_0038_t007-88,gorillas2_frame_0038_t007-88,bird,hippo2_frame_0028_t005-88_4.png
cp_0084_gorillas3_frame_0009_t002-04,gorillas3_frame_0009_t002-04,elephant,elephant_frame_0018_t003-87_0.png
cp_0084_gorillas3_frame_0009_t002-04,gorillas3_frame_0009_t002-04,antelope,antelope_frame_0066_t013-47_0.png
cp_0085_antelope_frame_0041_t008-47,antelope_frame_0041_t008-47,elephant,elephant_frame_0019_t004-07_0.png
cp_0085_antelope_frame_0041_t008-47,antelope_frame_0041_t008-47,antelope,antelope_frame_0003_t000-87_0.png
cp_0085_antelope_frame_0041_t008-47,antelope_frame_0041_t008-47,bird,hippo2_frame_0023_t004-88_4.png
cp_0086_hippo2_frame_0109_t022-06,hippo2_frame_0109_t022-06,antelope,antelope_frame_0016_t003-47_0.png
cp_0086_hippo2_frame_0109_t022-06,hippo2_frame_0109_t022-06,antelope,antelope_frame_0082_t016-67_1.png
cp_0087_chimpanzees_port_frame_0116_t023-47,chimpanzees_port_frame_0116_t023-47,bird,hippo2_frame_0015_t003-25_4.png
cp_0087_chimpanzees_port_frame_0116_t023-47,chimpanzees_port_frame_0116_t023-47,elephant,elephant_frame_0020_t004-27_0.png
cp_0087_chimpanzees_port_frame_0116_t023-47,chimpanzees_port_frame_0116_t023-47,elephant,elephant_frame_0016_t003-47_1.png
cp_0088_antelope_frame_0077_t015-67,antelope_frame_0077_t015-67,antelope,antelope_frame_0087_t017-67_1.png
cp_0088_antelope_frame_0077_t015-67,antelope_frame_0077_t015-67,elephant,elephant_frame_0004_t001-07_1.png
cp_0088_antelope_frame_0077_t015-67,antelope_frame_0077_t015-67,antelope,antelope_frame_0047_t009-67_0.png
cp_0089_hog_frame_0070_t014-27,hog_frame_0070_t014-27,antelope,antelope_frame_0035_t007-27_0.png
cp_0089_hog_frame_0070_t014-27,hog_frame_0070_t014-27,bird,hippo2_frame_0007_t001-67_5.png
cp_0090_chimpanzees_port_frame_0247_t049-67,chimpanzees_port_frame_0247_t049-67,antelope,antelope_frame_0050_t010-27_0.png
cp_0091_gorillas2_frame_0029_t006-05,gorillas2_frame_0029_t006-05,antelope,antelope_frame_0087_t017-67_1.png
cp_0091_gorillas2_frame_0029_t006-05,gorillas2_frame_0029_t006-05,bird,hippo2_frame_0036_t007-47_4.png
cp_0092_hippo_frame_0024_t005-07,hippo_frame_0024_t005-07,bird,hippo2_frame_0018_t003-88_4.png
cp_0092_hippo_frame_0024_t005-07,hippo_frame_0024_t005-07,elephant,elephant_frame_0024_t005-07_0.png
cp_0092_hippo_frame_0024_t005-07,hippo_frame_0024_t005-07,bird,hippo2_frame_0039_t008-05_4.png
cp_0093_hippo2_frame_0069_t014-06,hippo2_frame_0069_t014-06,antelope,antelope_frame_0064_t013-07_1.png
cp_0094_chimpanzees_land_frame_0071_t014-47,chimpanzees_land_frame_0071_t014-47,bird,hippo2_frame_0038_t007-88_4.png
cp_0094_chimpanzees_land_frame_0071_t014-47,chimpanzees_land_frame_0071_t014-47,antelope,antelope_frame_0072_t014-67_1.png
cp_0094_chimpanzees_land_frame_0071_t014-47,chimpanzees_land_frame_0071_t014-47,bird,hippo2_frame_0018_t003-88_9.png
cp_0095_gorillas_frame_0026_t005-46,gorillas_frame_0026_t005-46,elephant,elephant_frame_0026_t005-47_1.png
cp_0095_gorillas_frame_0026_t005-46,gorillas_frame_0026_t005-46,bird,hippo2_frame_0102_t020-65_4.png
cp_0096_hog_frame_0010_t002-27,hog_frame_0010_t002-27,antelope,antelope_frame_0045_t009-27_0.png
cp_0097_gorillas_frame_0010_t002-25,gorillas_frame_0010_t002-25,bird,hippo2_frame_0030_t006-26_8.png
cp_0097_gorillas_frame_0010_t002-25,gorillas_frame_0010_t002-25,bird,hippo2_frame_0018_t003-88_6.png
cp_0097_gorillas_frame_0010_t002-25,gorillas_frame_0010_t002-25,bird,hippo2_frame_0001_t000-46_7.png
cp_0098_chimpanzees_port_frame_0120_t024-27,chimpanzees_port_frame_0120_t024-27,elephant,elephant_frame_0008_t001-87_1.png
cp_0098_chimpanzees_port_frame_0120_t024-27,chimpanzees_port_frame_0120_t024-27,elephant,elephant_frame_0006_t001-47_1.png
cp_0098_chimpanzees_port_frame_0120_t024-27,chimpanzees_port_frame_0120_t024-27,elephant,elephant_frame_0005_t001-27_1.png
cp_0099_gorillas_frame_0021_t004-46,gorillas_frame_0021_t004-46,bird,hippo2_frame_0018_t003-88_4.png
cp_0100_hippo2_frame_0101_t020-48,hippo2_frame_0101_t020-48,antelope,antelope_frame_0045_t009-27_0.png
cp_0100_hippo2_frame_0101_t020-48,hippo2_frame_0101_t020-48,elephant,elephant_frame_0003_t000-87_0.png
cp_0101_hippo2_frame_0140_t028-28,hippo2_frame_0140_t028-28,elephant,elephant_frame_0007_t001-67_1.png
cp_0101_hippo2_frame_0140_t028-28,hippo2_frame_0140_t028-28,elephant,elephant_frame_0024_t005-07_0.png
cp_0101_hippo2_frame_0140_t028-28,hippo2_frame_0140_t028-28,bird,hippo2_frame_0016_t003-46_6.png
cp_0102_hog_frame_0088_t017-87,hog_frame_0088_t017-87,bird,hippo2_frame_0017_t003-67_4.png
cp_0103_antelope_frame_0006_t001-47,antelope_frame_0006_t001-47,bird,hippo2_frame_0102_t020-65_6.png
cp_0103_antelope_frame_0006_t001-47,antelope_frame_0006_t001-47,bird,hippo2_frame_0007_t001-67_5.png
cp_0103_antelope_frame_0006_t001-47,antelope_frame_0006_t001-47,bird,hippo2_frame_0007_t001-67_6.png
cp_0104_chimpanzees_port_frame_0242_t048-67,chimpanzees_port_frame_0242_t048-67,bird,hippo2_frame_0005_t001-25_5.png
cp_0104_chimpanzees_port_frame_0242_t048-67,chimpanzees_port_frame_0242_t048-67,antelope,antelope_frame_0022_t004-67_0.png
cp_0104_chimpanzees_port_frame_0242_t048-67,chimpanzees_port_frame_0242_t048-67,bird,hippo2_frame_0010_t002-25_7.png
cp_0105_chimpanzees_port_frame_0127_t025-67,chimpanzees_port_frame_0127_t025-67,elephant,elephant_frame_0027_t005-67_1.png
cp_0105_chimpanzees_port_frame_0127_t025-67,chimpanzees_port_frame_0127_t025-67,bird,hippo2_frame_0034_t007-05_4.png
cp_0105_chimpanzees_port_frame_0127_t025-67,chimpanzees_port_frame_0127_t025-67,elephant,elephant_frame_0025_t005-27_1.png
cp_0106_chimpanzees_port_frame_0136_t027-47,chimpanzees_port_frame_0136_t027-47,elephant,elephant_frame_0004_t001-07_0.png
cp_0107_hog_frame_0024_t005-07,hog_frame_0024_t005-07,bird,hippo2_frame_0036_t007-47_4.png
cp_0107_hog_frame_0024_t005-07,hog_frame_0024_t005-07,bird,hippo2_frame_0011_t002-46_7.png
cp_0107_hog_frame_0024_t005-07,hog_frame_0024_t005-07,bird,hippo2_frame_0021_t004-46_5.png
cp_0108_chimpanzees_land_frame_0051_t010-47,chimpanzees_land_frame_0051_t010-47,antelope,antelope_frame_0094_t019-07_1.png
cp_0109_elephant_frame_0016_t003-47,elephant_frame_0016_t003-47,elephant,elephant_frame_0019_t004-07_0.png
cp_0109_elephant_frame_0016_t003-47,elephant_frame_0016_t003-47,antelope,antelope_frame_0054_t011-07_0.png
cp_0109_elephant_frame_0016_t003-47,elephant_frame_0016_t003-47,elephant,elephant_frame_0028_t005-87_1.png
cp_0110_chimpanzees_port_frame_0143_t028-87,chimpanzees_port_frame_0143_t028-87,bird,hippo2_frame_0017_t003-67_6.png
cp_0110_chimpanzees_port_frame_0143_t028-87,chimpanzees_port_frame_0143_t028-87,bird,hippo2_frame_0026_t005-46_4.png
cp_0111_chimpanzees_port_frame_0220_t044-27,chimpanzees_port_frame_0220_t044-27,elephant,elephant_frame_0026_t005-47_1.png
cp_0112_antelope_frame_0091_t018-47,antelope_frame_0091_t018-47,elephant,elephant_frame_0025_t005-27_1.png
cp_0113_chimpanzees_port_frame_0262_t052-67,chimpanzees_port_frame_0262_t052-67,antelope,antelope_frame_0003_t000-87_0.png
cp_0113_chimpanzees_port_frame_0262_t052-67,chimpanzees_port_frame_0262_t052-67,antelope,antelope_frame_0017_t003-67_0.png
cp_0114_gorillas2_frame_0003_t000-88,gorillas2_frame_0003_t000-88,elephant,elephant_frame_0017_t003-67_1.png
cp_0115_hippo2_frame_0032_t006-67,hippo2_frame_0032_t006-67,elephant,elephant_frame_0025_t005-27_1.png
cp_0115_hippo2_frame_0032_t006-67,hippo2_frame_0032_t006-67,elephant,elephant_frame_0011_t002-47_1.png
cp_0115_hippo2_frame_0032_t006-67,hippo2_frame_0032_t006-67,elephant,elephant_frame_0014_t003-07_1.png
cp_0116_hog_frame_0071_t014-47,hog_frame_0071_t014-47,elephant,elephant_frame_0011_t002-47_1.png
cp_0117_antelope_frame_0091_t018-47,antelope_frame_0091_t018-47,bird,hippo2_frame_0110_t022-27_4.png
cp_0117_antelope_frame_0091_t018-47,antelope_frame_0091_t018-47,elephant,elephant_frame_0009_t002-07_1.png
cp_0118_antelope_frame_0023_t004-87,antelope_frame_0023_t004-87,bird,hippo2_frame_0014_t003-04_4.png
cp_0119_hippo2_frame_0065_t013-26,hippo2_frame_0065_t013-26,antelope,antelope_frame_0006_t001-47_0.png
cp_0119_hippo2_frame_0065_t013-26,hippo2_frame_0065_t013-26,elephant,elephant_frame_0001_t000-47_1.png
cp_0119_hippo2_frame_0065_t013-26,hippo2_frame_0065_t013-26,antelope,antelope_frame_0058_t011-87_0.png
cp_0120_antelope_frame_0059_t012-07,antelope_frame_0059_t012-07,antelope,antelope_frame_0066_t013-47_0.png
cp_0121_chimpanzees_port_frame_0243_t048-87,chimpanzees_port_frame_0243_t048-87,elephant,elephant_frame_0010_t002-27_1.png
cp_0122_hippo_frame_0041_t008-47,hippo_frame_0041_t008-47,elephant,elephant_frame_0029_t006-07_1.png
cp_0123_hog_frame_0011_t002-47,hog_frame_0011_t002-47,bird,hippo2_frame_0103_t020-85_6.png
cp_0124_hippo_frame_0058_t011-87,hippo_frame_0058_t011-87,antelope,antelope_frame_0027_t005-67_0.png
cp_0124_hippo_frame_0058_t011-87,hippo_frame_0058_t011-87,bird,hippo2_frame_0025_t005-26_4.png
cp_0125_hog_frame_0093_t018-87,hog_frame_0093_t018-87,elephant,elephant_frame_0009_t002-07_1.png
cp_0126_gorillas2_frame_0015_t003-25,gorillas2_frame_0015_t003-25,antelope,antelope_frame_0095_t019-27_1.png
cp_0126_gorillas2_frame_0015_t003-25,gorillas2_frame_0015_t003-25,elephant,elephant_frame_0001_t000-47_1.png
cp_0127_hippo2_frame_0182_t036-66,hippo2_frame_0182_t036-66,bird,hippo2_frame_0026_t005-46_4.png
cp_0128_elephant_frame_0006_t001-47,elephant_frame_0006_t001-47,antelope,antelope_frame_0040_t008-27_0.png
cp_0128_elephant_frame_0006_t001-47,elephant_frame_0006_t001-47,bird,hippo2_frame_0100_t020-27_4.png
cp_0129_chimpanzees_port_frame_0243_t048-87,chimpanzees_port_frame_0243_t048-87,elephant,elephant_frame_0012_t002-67_1.png
cp_0129_chimpanzees_port_frame_0243_t048-87,chimpanzees_port_frame_0243_t048-87,antelope,antelope_frame_0079_t016-07_1.png
cp_0130_hippo_frame_0009_t002-07,hippo_frame_0009_t002-07,antelope,antelope_frame_0026_t005-47_0.png
cp_0130_hippo_frame_0009_t002-07,hippo_frame_0009_t002-07,elephant,elephant_frame_0027_t005-67_1.png
cp_0130_hippo_frame_0009_t002-07,hippo_frame_0009_t002-07,bird,hippo2_frame_0016_t003-46_6.png
cp_0131_hog_frame_0057_t011-67,hog_frame_0057_t011-67,elephant,elephant_frame_0010_t002-27_1.png
cp_0131_hog_frame_0057_t011-67,hog_frame_0057_t011-67,elephant,elephant_frame_0010_t002-27_1.png
cp_0131_hog_frame_0057_t011-67,hog_frame_0057_t011-67,bird,hippo2_frame_0038_t007-88_4.png
cp_0132_hippo2_frame_0177_t035-66,hippo2_frame_0177_t035-66,elephant,elephant_frame_0005_t001-27_0.png
cp_0133_hog_frame_0091_t018-47,hog_frame_0091_t018-47,antelope,antelope_frame_0047_t009-67_0.png
cp_0133_hog_frame_0091_t018-47,hog_frame_0091_t018-47,elephant,elephant_frame_0005_t001-27_1.png
cp_0134_chimpanzees_port_frame_0148_t029-87,chimpanzees_port_frame_0148_t029-87,elephant,elephant_frame_0005_t001-27_1.png
cp_0134_chimpanzees_port_frame_0148_t029-87,chimpanzees_port_frame_0148_t029-87,bird,hippo2_frame_0019_t004-05_4.png
cp_0135_antelope_frame_0055_t011-27,antelope_frame_0055_t011-27,antelope,antelope_frame_0004_t001-07_0.png
cp_0135_antelope_frame_0055_t011-27,antelope_frame_0055_t011-27,elephant,elephant_frame_0013_t002-87_1.png
cp_0136_hippo_frame_0050_t010-27,hippo_frame_0050_t010-27,elephant,elephant_frame_0004_t001-07_0.png
cp_0137_hippo2_frame_0002_t000-67,hippo2_frame_0002_t000-67,bird,hippo2_frame_0016_t003-46_5.png
cp_0137_hippo2_frame_0002_t000-67,hippo2_frame_0002_t000-67,antelope,antelope_frame_0064_t013-07_1.png
cp_0138_gorillas2_frame_0041_t008-47,gorillas2_frame_0041_t008-47,elephant,elephant_frame_0020_t004-27_0.png
cp_0138_gorillas2_frame_0041_t008-47,gorillas2_frame_0041_t008-47,bird,hippo2_frame_0019_t004-05_6.png
cp_0138_gorillas2_frame_0041_t008-47,gorillas2_frame_0041_t008-47,bird,hippo2_frame_0028_t005-88_4.png
cp_0139_hog_frame_0043_t008-87,hog_frame_0043_t008-87,antelope,antelope_frame_0054_t011-07_0.png
cp_0140_hippo2_frame_0152_t030-66,hippo2_frame_0152_t030-66,elephant,elephant_frame_0019_t004-07_0.png
cp_0141_chimpanzees_port_frame_0149_t030-07,chimpanzees_port_frame_0149_t030-07,antelope,antelope_frame_0003_t000-87_0.png
cp_0141_chimpanzees_port_frame_0149_t030-07,chimpanzees_port_frame_0149_t030-07,antelope,antelope_frame_0067_t013-67_1.png
cp_0142_hippo2_frame_0079_t016-06,hippo2_frame_0079_t016-06,bird,hippo2_frame_0032_t006-67_4.png
cp_0143_antelope_frame_0009_t002-07,antelope_frame_0009_t002-07,antelope,antelope_frame_0066_t013-47_0.png
cp_0143_antelope_frame_0009_t002-07,antelope_frame_0009_t002-07,elephant,elephant_frame_0004_t001-07_1.png
cp_0143_antelope_frame_0009_t002-07,antelope_frame_0009_t002-07,elephant,elephant_frame_0014_t003-07_1.png
cp_0144_hippo2_frame_0001_t000-46,hippo2_frame_0001_t000-46,bird,hippo2_frame_0003_t000-88_6.png
cp_0144_hippo2_frame_0001_t000-46,hippo2_frame_0001_t000-46,bird,hippo2_frame_0029_t006-05_4.png
cp_0145_hippo2_frame_0164_t033-07,hippo2_frame_0164_t033-07,antelope,antelope_frame_0064_t013-07_1.png
cp_0145_hippo2_frame_0164_t033-07,hippo2_frame_0164_t033-07,elephant,elephant_frame_0003_t000-87_1.png
cp_0146_elephant_frame_0000_t000-27,elephant_frame_0000_t000-27,antelope,antelope_frame_0062_t012-67_0.png
cp_0146_elephant_frame_0000_t000-27,elephant_frame_0000_t000-27,bird,hippo2_frame_0012_t002-67_7.png
cp_0146_elephant_frame_0000_t000-27,elephant_frame_0000_t000-27,antelope,antelope_frame_0045_t009-27_0.png
cp_0147_gorillas_frame_0021_t004-46,gorillas_frame_0021_t004-46,elephant,elephant_frame_0009_t002-07_1.png
cp_0148_chimpanzees_port_frame_0119_t024-07,chimpanzees_port_frame_0119_t024-07,elephant,elephant_frame_0024_t005-07_0.png
cp_0148_chimpanzees_port_frame_0119_t024-07,chimpanzees_port_frame_0119_t024-07,antelope,antelope_frame_0096_t019-47_1.png
cp_0149_antelope_frame_0044_t009-07,antelope_frame_0044_t009-07,bird,hippo2_frame_0038_t007-88_4.png
cp_0149_antelope_frame_0044_t009-07,antelope_frame_0044_t009-07,elephant,elephant_frame_0024_t005-07_0.png
cp_0149_antelope_frame_0044_t009-07,antelope_frame_0044_t009-07,bird,hippo2_frame_0039_t008-05_4.png
cp_0150_gorillas3_frame_0008_t001-88,gorillas3_frame_0008_t001-88,antelope,antelope_frame_0082_t016-67_1.png
cp_0150_gorillas3_frame_0008_t001-88,gorillas3_frame_0008_t001-88,elephant,elephant_frame_0009_t002-07_1.png
cp_0150_gorillas3_frame_0008_t001-88,gorillas3_frame_0008_t001-88,elephant,elephant_frame_0004_t001-07_1.png
cp_0151_hippo2_frame_0068_t013-85,hippo2_frame_0068_t013-85,bird,hippo2_frame_0042_t008-68_7.png
cp_0152_chimpanzees_port_frame_0120_t024-27,chimpanzees_port_frame_0120_t024-27,elephant,elephant_frame_0009_t002-07_1.png
cp_0152_chimpanzees_port_frame_0120_t024-27,chimpanzees_port_frame_0120_t024-27,elephant,elephant_frame_0018_t003-87_0.png
cp_0152_chimpanzees_port_frame_0120_t024-27,chimpanzees_port_frame_0120_t024-27,antelope,antelope_frame_0005_t001-27_0.png
cp_0153_antelope_frame_0082_t016-67,antelope_frame_0082_t016-67,bird,hippo2_frame_0041_t008-47_4.png
cp_0153_antelope_frame_0082_t016-67,antelope_frame_0082_t016-67,antelope,antelope_frame_0088_t017-87_1.png
cp_0154_chimpanzees_port_frame_0277_t055-67,chimpanzees_port_frame_0277_t055-67,antelope,antelope_frame_0080_t016-27_1.png
cp_0155_gorillas2_frame_0034_t007-05,gorillas2_frame_0034_t007-05,elephant,elephant_frame_0002_t000-67_1.png
cp_0155_gorillas2_frame_0034_t007-05,gorillas2_frame_0034_t007-05,antelope,antelope_frame_0085_t017-27_1.png
cp_0156_hippo2_frame_0082_t016-68,hippo2_frame_0082_t016-68,elephant,elephant_frame_0003_t000-87_0.png
cp_0157_gorillas2_frame_0010_t002-25,gorillas2_frame_0010_t002-25,elephant,elephant_frame_0027_t005-67_1.png
cp_0157_gorillas2_frame_0010_t002-25,gorillas2_frame_0010_t002-25,antelope,antelope_frame_0085_t017-27_1.png
cp_0157_gorillas2_frame_0010_t002-25,gorillas2_frame_0010_t002-25,bird,hippo2_frame_0017_t003-67_4.png
cp_0158_hog_frame_0083_t016-87,hog_frame_0083_t016-87,elephant,elephant_frame_0011_t002-47_1.png
cp_0158_hog_frame_0083_t016-87,hog_frame_0083_t016-87,bird,hippo2_frame_0019_t004-05_5.png
cp_0158_hog_frame_0083_t016-87,hog_frame_0083_t016-87,elephant,elephant_frame_0008_t001-87_1.png
cp_0159_chimpanzees_port_frame_0171_t034-47,chimpanzees_port_frame_0171_t034-47,bird,hippo2_frame_0014_t003-04_6.png
cp_0159_chimpanzees_port_frame_0171_t034-47,chimpanzees_port_frame_0171_t034-47,elephant,elephant_frame_0028_t005-87_1.png
cp_0159_chimpanzees_port_frame_0171_t034-47,chimpanzees_port_frame_0171_t034-47,elephant,elephant_frame_0005_t001-27_1.png
cp_0160_chimpanzees_land_frame_0042_t008-67,chimpanzees_land_frame_0042_t008-67,antelope,antelope_frame_0060_t012-27_0.png
cp_0160_chimpanzees_land_frame_0042_t008-67,chimpanzees_land_frame_0042_t008-67,elephant,elephant_frame_0005_t001-27_1.png
cp_0160_chimpanzees_land_frame_0042_t008-67,chimpanzees_land_frame_0042_t008-67,elephant,elephant_frame_0004_t001-07_0.png
cp_0161_chimpanzees_land_frame_0000_t000-27,chimpanzees_land_frame_0000_t000-27,bird,hippo2_frame_0025_t005-26_8.png
cp_0161_chimpanzees_land_frame_0000_t000-27,chimpanzees_land_frame_0000_t000-27,elephant,elephant_frame_0009_t002-07_1.png
cp_0161_chimpanzees_land_frame_0000_t000-27,chimpanzees_land_frame_0000_t000-27,elephant,elephant_frame_0003_t000-87_0.png
cp_0162_gorillas_frame_0017_t003-67,gorillas_frame_0017_t003-67,bird,hippo2_frame_0104_t021-06_4.png
cp_0162_gorillas_frame_0017_t003-67,gorillas_frame_0017_t003-67,antelope,antelope_frame_0058_t011-87_0.png
cp_0163_elephant_frame_0027_t005-67,elephant_frame_0027_t005-67,elephant,elephant_frame_0022_t004-67_0.png
cp_0163_elephant_frame_0027_t005-67,elephant_frame_0027_t005-67,elephant,elephant_frame_0025_t005-27_1.png
cp_0164_chimpanzees_port_frame_0151_t030-47,chimpanzees_port_frame_0151_t030-47,antelope,antelope_frame_0019_t004-07_0.png
cp_0165_chimpanzees_port_frame_0118_t023-87,chimpanzees_port_frame_0118_t023-87,elephant,elephant_frame_0024_t005-07_0.png
cp_0166_chimpanzees_land_frame_0001_t000-47,chimpanzees_land_frame_0001_t000-47,bird,hippo2_frame_0027_t005-67_4.png
cp_0167_hippo2_frame_0108_t021-86,hippo2_frame_0108_t021-86,bird,hippo2_frame_0013_t002-88_7.png
cp_0168_hog_frame_0091_t018-47,hog_frame_0091_t018-47,antelope,antelope_frame_0097_t019-67_1.png
cp_0168_hog_frame_0091_t018-47,hog_frame_0091_t018-47,elephant,elephant_frame_0008_t001-87_1.png
cp_0168_hog_frame_0091_t018-47,hog_frame_0091_t018-47,antelope,antelope_frame_0021_t004-47_0.png
cp_0169_chimpanzees_land_frame_0009_t002-07,chimpanzees_land_frame_0009_t002-07,elephant,elephant_frame_0023_t004-87_0.png
cp_0169_chimpanzees_land_frame_0009_t002-07,chimpanzees_land_frame_0009_t002-07,elephant,elephant_frame_0000_t000-27_1.png
cp_0170_chimpanzees_port_frame_0153_t030-87,chimpanzees_port_frame_0153_t030-87,elephant,elephant_frame_0000_t000-27_0.png
cp_0170_chimpanzees_port_frame_0153_t030-87,chimpanzees_port_frame_0153_t030-87,elephant,elephant_frame_0028_t005-87_1.png
cp_0171_gorillas3_frame_0023_t004-88,gorillas3_frame_0023_t004-88,bird,hippo2_frame_0012_t002-67_9.png
cp_0171_gorillas3_frame_0023_t004-88,gorillas3_frame_0023_t004-88,elephant,elephant_frame_0004_t001-07_1.png
cp_0171_gorillas3_frame_0023_t004-88,gorillas3_frame_0023_t004-88,elephant,elephant_frame_0021_t004-47_0.png
cp_0172_gorillas3_frame_0020_t004-25,gorillas3_frame_0020_t004-25,bird,hippo2_frame_0017_t003-67_5.png
cp_0173_hippo2_frame_0076_t015-47,hippo2_frame_0076_t015-47,elephant,elephant_frame_0000_t000-27_0.png
cp_0173_hippo2_frame_0076_t015-47,hippo2_frame_0076_t015-47,elephant,elephant_frame_0001_t000-47_1.png
cp_0174_hippo_frame_0003_t000-87,hippo_frame_0003_t000-87,elephant,elephant_frame_0004_t001-07_1.png
cp_0174_hippo_frame_0003_t000-87,hippo_frame_0003_t000-87,antelope,antelope_frame_0033_t006-87_0.png
cp_0174_hippo_frame_0003_t000-87,hippo_frame_0003_t000-87,antelope,antelope_frame_0053_t010-87_0.png
cp_0175_chimpanzees_port_frame_0147_t029-67,chimpanzees_port_frame_0147_t029-67,bird,hippo2_frame_0025_t005-26_8.png
cp_0175_chimpanzees_port_frame_0147_t029-67,chimpanzees_port_frame_0147_t029-67,antelope,antelope_frame_0033_t006-87_0.png
cp_0176_chimpanzees_land_frame_0070_t014-27,chimpanzees_land_frame_0070_t014-27,bird,hippo2_frame_0110_t022-27_4.png
cp_0177_hippo2_frame_0079_t016-06,hippo2_frame_0079_t016-06,elephant,elephant_frame_0003_t000-87_1.png
cp_0177_hippo2_frame_0079_t016-06,hippo2_frame_0079_t016-06,elephant,elephant_frame_0000_t000-27_0.png
cp_0178_hog_frame_0030_t006-27,hog_frame_0030_t006-27,bird,hippo2_frame_0101_t020-48_4.png
cp_0178_hog_frame_0030_t006-27,hog_frame_0030_t006-27,elephant,elephant_frame_0008_t001-87_1.png
cp_0178_hog_frame_0030_t006-27,hog_frame_0030_t006-27,bird,hippo2_frame_0104_t021-06_4.png
cp_0179_chimpanzees_land_frame_0005_t001-27,chimpanzees_land_frame_0005_t001-27,antelope,antelope_frame_0025_t005-27_0.png
cp_0179_chimpanzees_land_frame_0005_t001-27,chimpanzees_land_frame_0005_t001-27,elephant,elephant_frame_0004_t001-07_0.png
cp_0180_gorillas3_frame_0019_t004-05,gorillas3_frame_0019_t004-05,elephant,elephant_frame_0007_t001-67_1.png
cp_0180_gorillas3_frame_0019_t004-05,gorillas3_frame_0019_t004-05,antelope,antelope_frame_0088_t017-87_0.png
cp_0181_gorillas3_frame_0006_t001-46,gorillas3_frame_0006_t001-46,bird,hippo2_frame_0099_t020-06_4.png
cp_0182_hippo2_frame_0136_t027-44,hippo2_frame_0136_t027-44,antelope,antelope_frame_0096_t019-47_1.png
cp_0182_hippo2_frame_0136_t027-44,hippo2_frame_0136_t027-44,antelope,antelope_frame_0091_t018-47_0.png
cp_0183_chimpanzees_port_frame_0289_t058-07,chimpanzees_port_frame_0289_t058-07,bird,hippo2_frame_0021_t004-46_5.png
cp_0184_elephant_frame_0025_t005-27,elephant_frame_0025_t005-27,bird,hippo2_frame_0007_t001-67_6.png
cp_0185_hog_frame_0043_t008-87,hog_frame_0043_t008-87,elephant,elephant_frame_0001_t000-47_0.png
cp_0186_hippo2_frame_0037_t007-67,hippo2_frame_0037_t007-67,bird,hippo2_frame_0020_t004-25_5.png
cp_0186_hippo2_frame_0037_t007-67,hippo2_frame_0037_t007-67,elephant,elephant_frame_0005_t001-27_0.png
cp_0186_hippo2_frame_0037_t007-67,hippo2_frame_0037_t007-67,antelope,antelope_frame_0041_t008-47_0.png
cp_0187_antelope_frame_0061_t012-47,antelope_frame_0061_t012-47,antelope,antelope_frame_0039_t008-07_0.png
cp_0187_antelope_frame_0061_t012-47,antelope_frame_0061_t012-47,bird,hippo2_frame_0011_t002-46_9.png
cp_0187_antelope_frame_0061_t012-47,antelope_frame_0061_t012-47,antelope,antelope_frame_0013_t002-87_0.png
cp_0188_antelope_frame_0033_t006-87,antelope_frame_0033_t006-87,elephant,elephant_frame_0005_t001-27_0.png
cp_0188_antelope_frame_0033_t006-87,antelope_frame_0033_t006-87,antelope,antelope_frame_0071_t014-47_1.png
cp_0188_antelope_frame_0033_t006-87,antelope_frame_0033_t006-87,bird,hippo2_frame_0038_t007-88_4.png
cp_0189_antelope_frame_0082_t016-67,antelope_frame_0082_t016-67,bird,hippo2_frame_0021_t004-46_6.png
cp_0190_chimpanzees_land_frame_0005_t001-27,chimpanzees_land_frame_0005_t001-27,antelope,antelope_frame_0091_t018-47_1.png
cp_0191_hippo_frame_0066_t013-47,hippo_frame_0066_t013-47,elephant,elephant_frame_0018_t003-87_0.png
cp_0191_hippo_frame_0066_t013-47,hippo_frame_0066_t013-47,bird,hippo2_frame_0028_t005-88_8.png
cp_0191_hippo_frame_0066_t013-47,hippo_frame_0066_t013-47,elephant,elephant_frame_0019_t004-07_0.png
cp_0192_antelope_frame_0001_t000-47,antelope_frame_0001_t000-47,elephant,elephant_frame_0007_t001-67_1.png
cp_0193_hog_frame_0001_t000-47,hog_frame_0001_t000-47,bird,hippo2_frame_0014_t003-04_6.png
cp_0193_hog_frame_0001_t000-47,hog_frame_0001_t000-47,antelope,antelope_frame_0046_t009-47_0.png
cp_0194_hippo2_frame_0018_t003-88,hippo2_frame_0018_t003-88,elephant,elephant_frame_0010_t002-27_1.png
cp_0194_hippo2_frame_0018_t003-88,hippo2_frame_0018_t003-88,bird,hippo2_frame_0017_t003-67_5.png
cp_0195_hippo2_frame_0158_t031-87,hippo2_frame_0158_t031-87,elephant,elephant_frame_0001_t000-47_0.png
cp_0195_hippo2_frame_0158_t031-87,hippo2_frame_0158_t031-87,antelope,antelope_frame_0005_t001-27_0.png
cp_0196_hippo2_frame_0169_t034-08,hippo2_frame_0169_t034-08,elephant,elephant_frame_0011_t002-47_1.png
cp_0196_hippo2_frame_0169_t034-08,hippo2_frame_0169_t034-08,antelope,antelope_frame_0034_t007-07_0.png
cp_0197_hippo2_frame_0014_t003-04,hippo2_frame_0014_t003-04,antelope,antelope_frame_0080_t016-27_1.png
cp_0198_hippo_frame_0013_t002-87,hippo_frame_0013_t002-87,elephant,elephant_frame_0000_t000-27_1.png
cp_0199_chimpanzees_port_frame_0174_t035-07,chimpanzees_port_frame_0174_t035-07,bird,hippo2_frame_0011_t002-46_8.png
cp_0199_chimpanzees_port_frame_0174_t035-07,chimpanzees_port_frame_0174_t035-07,antelope,antelope_frame_0085_t017-27_1.png
cp_0199_chimpanzees_port_frame_0174_t035-07,chimpanzees_port_frame_0174_t035-07,elephant,elephant_frame_0000_t000-27_1.png
cp_0200_hippo_frame_0016_t003-47,hippo_frame_0016_t003-47,antelope,antelope_frame_0093_t018-87_1.png
cp_0200_hippo_frame_0016_t003-47,hippo_frame_0016_t003-47,bird,hippo2_frame_0039_t008-05_4.png
cp_0200_hippo_frame_0016_t003-47,hippo_frame_0016_t003-47,bird,hippo2_frame_0018_t003-88_6.png
cp_0201_chimpanzees_port_frame_0193_t038-87,chimpanzees_port_frame_0193_t038-87,antelope,antelope_frame_0022_t004-67_0.png
cp_0202_chimpanzees_port_frame_0124_t025-07,chimpanzees_port_frame_0124_t025-07,antelope,antelope_frame_0034_t007-07_0.png
cp_0203_hippo2_frame_0056_t011-47,hippo2_frame_0056_t011-47,bird,hippo2_frame_0023_t004-88_4.png
cp_0203_hippo2_frame_0056_t011-47,hippo2_frame_0056_t011-47,elephant,elephant_frame_0026_t005-47_1.png
cp_0203_hippo2_frame_0056_t011-47,hippo2_frame_0056_t011-47,bird,hippo2_frame_0019_t004-05_4.png
cp_0204_chimpanzees_port_frame_0219_t044-07,chimpanzees_port_frame_0219_t044-07,antelope,antelope_frame_0003_t000-87_0.png
cp_0204_chimpanzees_port_frame_0219_t044-07,chimpanzees_port_frame_0219_t044-07,bird,hippo2_frame_0021_t004-46_5.png
cp_0204_chimpanzees_port_frame_0219_t044-07,chimpanzees_port_frame_0219_t044-07,antelope,antelope_frame_0094_t019-07_1.png
cp_0205_antelope_frame_0068_t013-87,antelope_frame_0068_t013-87,elephant,elephant_frame_0023_t004-87_0.png
cp_0206_hippo2_frame_0005_t001-25,hippo2_frame_0005_t001-25,bird,hippo2_frame_0042_t008-68_7.png
cp_0206_hippo2_frame_0005_t001-25,hippo2_frame_0005_t001-25,antelope,antelope_frame_0035_t007-27_0.png
cp_0207_chimpanzees_port_frame_0249_t050-07,chimpanzees_port_frame_0249_t050-07,bird,hippo2_frame_0007_t001-67_5.png
cp_0208_hippo2_frame_0006_t001-46,hippo2_frame_0006_t001-46,elephant,elephant_frame_0027_t005-67_1.png
cp_0208_hippo2_frame_0006_t001-46,hippo2_frame_0006_t001-46,bird,hippo2_frame_0003_t000-88_6.png
cp_0209_elephant_frame_0019_t004-07,elephant_frame_0019_t004-07,elephant,elephant_frame_0003_t000-87_0.png
cp_0210_chimpanzees_port_frame_0119_t024-07,chimpanzees_port_frame_0119_t024-07,bird,hippo2_frame_0023_t004-88_9.png
cp_0211_chimpanzees_port_frame_0208_t041-87,chimpanzees_port_frame_0208_t041-87,bird,hippo2_frame_0025_t005-26_4.png
cp_0211_chimpanzees_port_frame_0208_t041-87,chimpanzees_port_frame_0208_t041-87,bird,hippo2_frame_0011_t002-46_7.png
cp_0212_elephant_frame_0011_t002-47,elephant_frame_0011_t002-47,antelope,antelope_frame_0059_t012-07_0.png
cp_0212_elephant_frame_0011_t002-47,elephant_frame_0011_t002-47,elephant,elephant_frame_0008_t001-87_1.png
cp_0213_gorillas3_frame_0023_t004-88,gorillas3_frame_0023_t004-88,elephant,elephant_frame_0002_t000-67_1.png
cp_0213_gorillas3_frame_0023_t004-88,gorillas3_frame_0023_t004-88,antelope,antelope_frame_0035_t007-27_0.png
cp_0214_hippo_frame_0010_t002-27,hippo_frame_0010_t002-27,bird,hippo2_frame_0038_t007-88_4.png
cp_0214_hippo_frame_0010_t002-27,hippo_frame_0010_t002-27,antelope,antelope_frame_0040_t008-27_0.png
cp_0214_hippo_frame_0010_t002-27,hippo_frame_0010_t002-27,bird,hippo2_frame_0012_t002-67_7.png
cp_0215_chimpanzees_land_frame_0002_t000-67,chimpanzees_land_frame_0002_t000-67,antelope,antelope_frame_0017_t003-67_0.png
cp_0215_chimpanzees_land_frame_0002_t000-67,chimpanzees_land_frame_0002_t000-67,elephant,elephant_frame_0024_t005-07_0.png
cp_0216_chimpanzees_port_frame_0119_t024-07,chimpanzees_port_frame_0119_t024-07,elephant,elephant_frame_0029_t006-07_1.png
cp_0216_chimpanzees_port_frame_0119_t024-07,chimpanzees_port_frame_0119_t024-07,elephant,elephant_frame_0023_t004-87_0.png
cp_0217_hippo2_frame_0179_t036-08,hippo2_frame_0179_t036-08,antelope,antelope_frame_0042_t008-67_0.png
cp_0217_hippo2_frame_0179_t036-08,hippo2_frame_0179_t036-08,antelope,antelope_frame_0003_t000-87_0.png
cp_0218_antelope_frame_0086_t017-47,antelope_frame_0086_t017-47,antelope,antelope_frame_0019_t004-07_0.png
cp_0218_antelope_frame_0086_t017-47,antelope_frame_0086_t017-47,antelope,antelope_frame_0087_t017-67_0.png
cp_0218_antelope_frame_0086_t017-47,antelope_frame_0086_t017-47,antelope,antelope_frame_0051_t010-47_0.png
cp_0219_elephant_frame_0016_t003-47,elephant_frame_0016_t003-47,elephant,elephant_frame_0001_t000-47_0.png
cp_0219_elephant_frame_0016_t003-47,elephant_frame_0016_t003-47,antelope,antelope_frame_0055_t011-27_0.png
cp_0220_chimpanzees_land_frame_0033_t006-87,chimpanzees_land_frame_0033_t006-87,antelope,antelope_frame_0039_t008-07_0.png
cp_0220_chimpanzees_land_frame_0033_t006-87,chimpanzees_land_frame_0033_t006-87,antelope,antelope_frame_0087_t017-67_1.png
cp_0221_chimpanzees_land_frame_0075_t015-27,chimpanzees_land_frame_0075_t015-27,antelope,antelope_frame_0026_t005-47_0.png
cp_0221_chimpanzees_land_frame_0075_t015-27,chimpanzees_land_frame_0075_t015-27,bird,hippo2_frame_0032_t006-67_4.png
cp_0221_chimpanzees_land_frame_0075_t015-27,chimpanzees_land_frame_0075_t015-27,antelope,antelope_frame_0006_t001-47_0.png
cp_0222_antelope_frame_0096_t019-47,antelope_frame_0096_t019-47,elephant,elephant_frame_0007_t001-67_1.png
cp_0222_antelope_frame_0096_t019-47,antelope_frame_0096_t019-47,elephant,elephant_frame_0027_t005-67_1.png
cp_0222_antelope_frame_0096_t019-47,antelope_frame_0096_t019-47,bird,hippo2_frame_0014_t003-04_7.png
cp_0223_hippo_frame_0053_t010-87,hippo_frame_0053_t010-87,elephant,elephant_frame_0011_t002-47_1.png
cp_0224_hippo_frame_0046_t009-47,hippo_frame_0046_t009-47,bird,hippo2_frame_0102_t020-65_4.png
cp_0224_hippo_frame_0046_t009-47,hippo_frame_0046_t009-47,bird,hippo2_frame_0013_t002-88_4.png
cp_0225_chimpanzees_port_frame_0271_t054-47,chimpanzees_port_frame_0271_t054-47,bird,hippo2_frame_0025_t005-26_4.png
cp_0226_chimpanzees_port_frame_0274_t055-07,chimpanzees_port_frame_0274_t055-07,antelope,antelope_frame_0071_t014-47_1.png
cp_0227_hippo_frame_0015_t003-27,hippo_frame_0015_t003-27,bird,hippo2_frame_0041_t008-47_4.png
cp_0227_hippo_frame_0015_t003-27,hippo_frame_0015_t003-27,elephant,elephant_frame_0019_t004-07_0.png
cp_0227_hippo_frame_0015_t003-27,hippo_frame_0015_t003-27,elephant,elephant_frame_0013_t002-87_1.png
cp_0228_chimpanzees_port_frame_0267_t053-67,chimpanzees_port_frame_0267_t053-67,bird,hippo2_frame_0001_t000-46_5.png
cp_0229_gorillas2_frame_0041_t008-47,gorillas2_frame_0041_t008-47,antelope,antelope_frame_0066_t013-47_1.png
cp_0229_gorillas2_frame_0041_t008-47,gorillas2_frame_0041_t008-47,elephant,elephant_frame_0006_t001-47_1.png
cp_0230_hog_frame_0078_t015-87,hog_frame_0078_t015-87,antelope,antelope_frame_0077_t015-67_1.png
cp_0231_hippo2_frame_0169_t034-08,hippo2_frame_0169_t034-08,bird,hippo2_frame_0010_t002-25_7.png
cp_0232_chimpanzees_land_frame_0054_t011-07,chimpanzees_land_frame_0054_t011-07,antelope,antelope_frame_0098_t019-87_1.png
cp_0232_chimpanzees_land_frame_0054_t011-07,chimpanzees_land_frame_0054_t011-07,elephant,elephant_frame_0013_t002-87_1.png
cp_0233_chimpanzees_port_frame_0221_t044-47,chimpanzees_port_frame_0221_t044-47,antelope,antelope_frame_0040_t008-27_0.png
cp_0233_chimpanzees_port_frame_0221_t044-47,chimpanzees_port_frame_0221_t044-47,bird,hippo2_frame_0108_t021-86_4.png
cp_0234_gorillas_frame_0011_t002-46,gorillas_frame_0011_t002-46,antelope,antelope_frame_0024_t005-07_0.png
cp_0234_gorillas_frame_0011_t002-46,gorillas_frame_0011_t002-46,antelope,antelope_frame_0086_t017-47_1.png
cp_0235_antelope_frame_0041_t008-47,antelope_frame_0041_t008-47,bird,hippo2_frame_0014_t003-04_7.png
cp_0235_antelope_frame_0041_t008-47,antelope_frame_0041_t008-47,bird,hippo2_frame_0027_t005-67_4.png
cp_0236_chimpanzees_port_frame_0186_t037-47,chimpanzees_port_frame_0186_t037-47,elephant,elephant_frame_0025_t005-27_1.png
cp_0236_chimpanzees_port_frame_0186_t037-47,chimpanzees_port_frame_0186_t037-47,elephant,elephant_frame_0023_t004-87_0.png
cp_0236_chimpanzees_port_frame_0186_t037-47,chimpanzees_port_frame_0186_t037-47,elephant,elephant_frame_0012_t002-67_1.png
cp_0237_chimpanzees_land_frame_0048_t009-87,chimpanzees_land_frame_0048_t009-87,bird,hippo2_frame_0019_t004-05_5.png
cp_0238_chimpanzees_land_frame_0014_t003-07,chimpanzees_land_frame_0014_t003-07,antelope,antelope_frame_0063_t012-87_0.png
cp_0238_chimpanzees_land_frame_0014_t003-07,chimpanzees_land_frame_0014_t003-07,antelope,antelope_frame_0018_t003-87_0.png
cp_0238_chimpanzees_land_frame_0014_t003-07,chimpanzees_land_frame_0014_t003-07,antelope,antelope_frame_0005_t001-27_0.png
cp_0239_chimpanzees_port_frame_0245_t049-27,chimpanzees_port_frame_0245_t049-27,elephant,elephant_frame_0004_t001-07_0.png
cp_0240_antelope_frame_0013_t002-87,antelope_frame_0013_t002-87,elephant,elephant_frame_0026_t005-47_1.png
cp_0240_antelope_frame_0013_t002-87,antelope_frame_0013_t002-87,antelope,antelope_frame_0097_t019-67_1.png
cp_0241_chimpanzees_port_frame_0280_t056-27,chimpanzees_port_frame_0280_t056-27,elephant,elephant_frame_0011_t002-47_1.png
cp_0241_chimpanzees_port_frame_0280_t056-27,chimpanzees_port_frame_0280_t056-27,bird,hippo2_frame_0017_t003-67_5.png
cp_0241_chimpanzees_port_frame_0280_t056-27,chimpanzees_port_frame_0280_t056-27,bird,hippo2_frame_0013_t002-88_6.png
cp_0242_antelope_frame_0027_t005-67,antelope_frame_0027_t005-67,bird,hippo2_frame_0028_t005-88_4.png
cp_0242_antelope_frame_0027_t005-67,antelope_frame_0027_t005-67,elephant,elephant_frame_0013_t002-87_1.png
cp_0242_antelope_frame_0027_t005-67,antelope_frame_0027_t005-67,antelope,antelope_frame_0087_t017-67_0.png
cp_0243_chimpanzees_port_frame_0229_t046-07,chimpanzees_port_frame_0229_t046-07,antelope,antelope_frame_0092_t018-67_1.png
cp_0243_chimpanzees_port_frame_0229_t046-07,chimpanzees_port_frame_0229_t046-07,elephant,elephant_frame_0006_t001-47_1.png
cp_0243_chimpanzees_port_frame_0229_t046-07,chimpanzees_port_frame_0229_t046-07,antelope,antelope_frame_0015_t003-27_0.png
cp_0244_chimpanzees_land_frame_0033_t006-87,chimpanzees_land_frame_0033_t006-87,antelope,antelope_frame_0060_t012-27_0.png
cp_0245_chimpanzees_port_frame_0225_t045-27,chimpanzees_port_frame_0225_t045-27,bird,hippo2_frame_0106_t021-48_4.png
cp_0246_gorillas2_frame_0013_t002-88,gorillas2_frame_0013_t002-88,elephant,elephant_frame_0003_t000-87_0.png
cp_0247_chimpanzees_land_frame_0067_t013-67,chimpanzees_land_frame_0067_t013-67,bird,hippo2_frame_0004_t001-04_7.png
cp_0247_chimpanzees_land_frame_0067_t013-67,chimpanzees_land_frame_0067_t013-67,bird,hippo2_frame_0020_t004-25_5.png
cp_0247_chimpanzees_land_frame_0067_t013-67,chimpanzees_land_frame_0067_t013-67,elephant,elephant_frame_0015_t003-27_1.png
cp_0248_hippo2_frame_0030_t006-26,hippo2_frame_0030_t006-26,bird,hippo2_frame_0013_t002-88_4.png
cp_0248_hippo2_frame_0030_t006-26,hippo2_frame_0030_t006-26,antelope,antelope_frame_0092_t018-67_1.png
cp_0249_chimpanzees_port_frame_0228_t045-87,chimpanzees_port_frame_0228_t045-87,antelope,antelope_frame_0013_t002-87_0.png
cp_0249_chimpanzees_port_frame_0228_t045-87,chimpanzees_port_frame_0228_t045-87,bird,hippo2_frame_0016_t003-46_6.png
cp_0250_hippo_frame_0059_t012-07,hippo_frame_0059_t012-07,antelope,antelope_frame_0010_t002-27_0.png
cp_0250_hippo_frame_0059_t012-07,hippo_frame_0059_t012-07,bird,hippo2_frame_0021_t004-46_5.png
cp_0250_hippo_frame_0059_t012-07,hippo_frame_0059_t012-07,elephant,elephant_frame_0000_t000-27_1.png
cp_0251_elephant_frame_0001_t000-47,elephant_frame_0001_t000-47,elephant,elephant_frame_0016_t003-47_1.png
cp_0251_elephant_frame_0001_t000-47,elephant_frame_0001_t000-47,elephant,elephant_frame_0028_t005-87_1.png
cp_0251_elephant_frame_0001_t000-47,elephant_frame_0001_t000-47,antelope,antelope_frame_0017_t003-67_0.png
cp_0252_chimpanzees_land_frame_0029_t006-07,chimpanzees_land_frame_0029_t006-07,bird,hippo2_frame_0030_t006-26_4.png
cp_0253_chimpanzees_port_frame_0183_t036-87,chimpanzees_port_frame_0183_t036-87,elephant,elephant_frame_0008_t001-87_1.png
cp_0253_chimpanzees_port_frame_0183_t036-87,chimpanzees_port_frame_0183_t036-87,elephant,elephant_frame_0011_t002-47_1.png
cp_0253_chimpanzees_port_frame_0183_t036-87,chimpanzees_port_frame_0183_t036-87,antelope,antelope_frame_0001_t000-47_0.png
cp_0254_elephant_frame_0018_t003-87,elephant_frame_0018_t003-87,bird,hippo2_frame_0012_t002-67_5.png
cp_0255_hippo2_frame_0175_t035-24,hippo2_frame_0175_t035-24,bird,hippo2_frame_0033_t006-88_8.png
cp_0255_hippo2_frame_0175_t035-24,hippo2_frame_0175_t035-24,elephant,elephant_frame_0007_t001-67_1.png
cp_0255_hippo2_frame_0175_t035-24,hippo2_frame_0175_t035-24,bird,hippo2_frame_0003_t000-88_7.png
cp_0256_gorillas3_frame_0032_t006-67,gorillas3_frame_0032_t006-67,bird,hippo2_frame_0000_t000-25_4.png
cp_0256_gorillas3_frame_0032_t006-67,gorillas3_frame_0032_t006-67,antelope,antelope_frame_0073_t014-87_1.png
cp_0256_gorillas3_frame_0032_t006-67,gorillas3_frame_0032_t006-67,antelope,antelope_frame_0041_t008-47_0.png
cp_0257_hippo2_frame_0075_t015-27,hippo2_frame_0075_t015-27,bird,hippo2_frame_0039_t008-05_4.png
cp_0258_antelope_frame_0020_t004-27,antelope_frame_0020_t004-27,antelope,antelope_frame_0037_t007-67_0.png
cp_0258_antelope_frame_0020_t004-27,antelope_frame_0020_t004-27,bird,hippo2_frame_0024_t005-05_4.png
cp_0259_chimpanzees_port_frame_0236_t047-47,chimpanzees_port_frame_0236_t047-47,elephant,elephant_frame_0002_t000-67_1.png
cp_0260_hippo2_frame_0144_t029-07,hippo2_frame_0144_t029-07,antelope,antelope_frame_0096_t019-47_1.png
cp_0260_hippo2_frame_0144_t029-07,hippo2_frame_0144_t029-07,antelope,antelope_frame_0024_t005-07_0.png
cp_0260_hippo2_frame_0144_t029-07,hippo2_frame_0144_t029-07,elephant,elephant_frame_0015_t003-27_1.png
cp_0261_hippo2_frame_0058_t011-85,hippo2_frame_0058_t011-85,elephant,elephant_frame_0011_t002-47_1.png
cp_0261_hippo2_frame_0058_t011-85,hippo2_frame_0058_t011-85,bird,hippo2_frame_0013_t002-88_7.png
cp_0261_hippo2_frame_0058_t011-85,hippo2_frame_0058_t011-85,bird,hippo2_frame_0103_t020-85_6.png
cp_0262_hippo2_frame_0037_t007-67,hippo2_frame_0037_t007-67,bird,hippo2_frame_0042_t008-68_7.png
cp_0263_hippo2_frame_0041_t008-47,hippo2_frame_0041_t008-47,antelope,antelope_frame_0016_t003-47_0.png
cp_0264_chimpanzees_port_frame_0255_t051-27,chimpanzees_port_frame_0255_t051-27,antelope,antelope_frame_0032_t006-67_0.png
cp_0265_gorillas3_frame_0025_t005-26,gorillas3_frame_0025_t005-26,elephant,elephant_frame_0004_t001-07_1.png
cp_0266_hog_frame_0091_t018-47,hog_frame_0091_t018-47,antelope,antelope_frame_0016_t003-47_0.png
cp_0266_hog_frame_0091_t018-47,hog_frame_0091_t018-47,elephant,elephant_frame_0005_t001-27_0.png
cp_0266_hog_frame_0091_t018-47,hog_frame_0091_t018-47,elephant,elephant_frame_0017_t003-67_1.png
cp_0267_chimpanzees_port_frame_0279_t056-07,chimpanzees_port_frame_0279_t056-07,antelope,antelope_frame_0049_t010-07_0.png
cp_0267_chimpanzees_port_frame_0279_t056-07,chimpanzees_port_frame_0279_t056-07,antelope,antelope_frame_0054_t011-07_0.png
cp_0268_hippo2_frame_0105_t021-27,hippo2_frame_0105_t021-27,elephant,elephant_frame_0000_t000-27_0.png
cp_0268_hippo2_frame_0105_t021-27,hippo2_frame_0105_t021-27,antelope,antelope_frame_0051_t010-47_0.png
cp_0269_chimpanzees_port_frame_0139_t028-07,chimpanzees_port_frame_0139_t028-07,antelope,antelope_frame_0051_t010-47_0.png
cp_0270_hog_frame_0092_t018-67,hog_frame_0092_t018-67,bird,hippo2_frame_0099_t020-06_4.png
cp_0270_hog_frame_0092_t018-67,hog_frame_0092_t018-67,bird,hippo2_frame_0019_t004-05_6.png
cp_0270_hog_frame_0092_t018-67,hog_frame_0092_t018-67,bird,hippo2_frame_0018_t003-88_6.png
cp_0271_gorillas_frame_0008_t001-88,gorillas_frame_0008_t001-88,bird,hippo2_frame_0025_t005-26_4.png
cp_0272_chimpanzees_port_frame_0234_t047-07,chimpanzees_port_frame_0234_t047-07,antelope,antelope_frame_0015_t003-27_0.png
cp_0272_chimpanzees_port_frame_0234_t047-07,chimpanzees_port_frame_0234_t047-07,elephant,elephant_frame_0016_t003-47_1.png
cp_0272_chimpanzees_port_frame_0234_t047-07,chimpanzees_port_frame_0234_t047-07,elephant,elephant_frame_0010_t002-27_1.png
cp_0273_hippo2_frame_0091_t018-48,hippo2_frame_0091_t018-48,elephant,elephant_frame_0010_t002-27_1.png
cp_0273_hippo2_frame_0091_t018-48,hippo2_frame_0091_t018-48,elephant,elephant_frame_0021_t004-47_0.png
cp_0274_chimpanzees_land_frame_0030_t006-27,chimpanzees_land_frame_0030_t006-27,antelope,antelope_frame_0003_t000-87_0.png
cp_0274_chimpanzees_land_frame_0030_t006-27,chimpanzees_land_frame_0030_t006-27,antelope,antelope_frame_0077_t015-67_1.png
cp_0275_chimpanzees_land_frame_0008_t001-87,chimpanzees_land_frame_0008_t001-87,bird,hippo2_frame_0012_t002-67_4.png
cp_0275_chimpanzees_land_frame_0008_t001-87,chimpanzees_land_frame_0008_t001-87,antelope,antelope_frame_0012_t002-67_0.png
cp_0275_chimpanzees_land_frame_0008_t001-87,chimpanzees_land_frame_0008_t001-87,bird,hippo2_frame_0019_t004-05_4.png
cp_0276_hog_frame_0051_t010-47,hog_frame_0051_t010-47,elephant,elephant_frame_0005_t001-27_0.png
cp_0277_antelope_frame_0011_t002-47,antelope_frame_0011_t002-47,elephant,elephant_frame_0007_t001-67_1.png
cp_0277_antelope_frame_0011_t002-47,antelope_frame_0011_t002-47,elephant,elephant_frame_0015_t003-27_1.png
cp_0277_antelope_frame_0011_t002-47,antelope_frame_0011_t002-47,elephant,elephant_frame_0001_t000-47_1.png
cp_0278_hippo2_frame_0161_t032-45,hippo2_frame_0161_t032-45,antelope,antelope_frame_0014_t003-07_0.png
cp_0279_chimpanzees_port_frame_0181_t036-47,chimpanzees_port_frame_0181_t036-47,antelope,antelope_frame_0010_t002-27_0.png
cp_0279_chimpanzees_port_frame_0181_t036-47,chimpanzees_port_frame_0181_t036-47,elephant,elephant_frame_0004_t001-07_0.png
cp_0280_hippo2_frame_0065_t013-26,hippo2_frame_0065_t013-26,elephant,elephant_frame_0009_t002-07_1.png
cp_0280_hippo2_frame_0065_t013-26,hippo2_frame_0065_t013-26,elephant,elephant_frame_0022_t004-67_0.png
cp_0280_hippo2_frame_0065_t013-26,hippo2_frame_0065_t013-26,bird,hippo2_frame_0107_t021-65_4.png
cp_0281_hippo2_frame_0059_t012-05,hippo2_frame_0059_t012-05,elephant,elephant_frame_0009_t002-07_1.png
cp_0281_hippo2_frame_0059_t012-05,hippo2_frame_0059_t012-05,elephant,elephant_frame_0013_t002-87_1.png
cp_0282_antelope_frame_0044_t009-07,antelope_frame_0044_t009-07,elephant,elephant_frame_0016_t003-47_1.png
cp_0282_antelope_frame_0044_t009-07,antelope_frame_0044_t009-07,bird,hippo2_frame_0101_t020-48_4.png
cp_0283_chimpanzees_land_frame_0001_t000-47,chimpanzees_land_frame_0001_t000-47,antelope,antelope_frame_0004_t001-07_0.png
cp_0283_chimpanzees_land_frame_0001_t000-47,chimpanzees_land_frame_0001_t000-47,elephant,elephant_frame_0005_t001-27_1.png
cp_0283_chimpanzees_land_frame_0001_t000-47,chimpanzees_land_frame_0001_t000-47,bird,hippo2_frame_0033_t006-88_4.png
cp_0284_chimpanzees_port_frame_0168_t033-87,chimpanzees_port_frame_0168_t033-87,elephant,elephant_frame_0023_t004-87_0.png
cp_0285_gorillas3_frame_0012_t002-67,gorillas3_frame_0012_t002-67,bird,hippo2_frame_0013_t002-88_6.png
cp_0285_gorillas3_frame_0012_t002-67,gorillas3_frame_0012_t002-67,antelope,antelope_frame_0086_t017-47_1.png
cp_0285_gorillas3_frame_0012_t002-67,gorillas3_frame_0012_t002-67,antelope,antelope_frame_0006_t001-47_0.png
cp_0286_hippo2_frame_0052_t010-68,hippo2_frame_0052_t010-68,elephant,elephant_frame_0013_t002-87_1.png
cp_0286_hippo2_frame_0052_t010-68,hippo2_frame_0052_t010-68,antelope,antelope_frame_0004_t001-07_0.png
cp_0287_hippo_frame_0061_t012-47,hippo_frame_0061_t012-47,bird,hippo2_frame_0025_t005-26_8.png
cp_0287_hippo_frame_0061_t012-47,hippo_frame_0061_t012-47,bird,hippo2_frame_0014_t003-04_4.png
cp_0288_hippo_frame_0053_t010-87,hippo_frame_0053_t010-87,bird,hippo2_frame_0015_t003-25_5.png
cp_0289_hippo2_frame_0135_t027-28,hippo2_frame_0135_t027-28,elephant,elephant_frame_0005_t001-27_0.png
cp_0289_hippo2_frame_0135_t027-28,hippo2_frame_0135_t027-28,antelope,antelope_frame_0092_t018-67_1.png
cp_0290_hog_frame_0072_t014-67,hog_frame_0072_t014-67,antelope,antelope_frame_0055_t011-27_0.png
cp_0291_gorillas2_frame_0040_t008-26,gorillas2_frame_0040_t008-26,antelope,antelope_frame_0093_t018-87_1.png
cp_0291_gorillas2_frame_0040_t008-26,gorillas2_frame_0040_t008-26,elephant,elephant_frame_0005_t001-27_1.png
cp_0292_gorillas3_frame_0003_t000-88,gorillas3_frame_0003_t000-88,elephant,elephant_frame_0002_t000-67_1.png
cp_0292_gorillas3_frame_0003_t000-88,gorillas3_frame_0003_t000-88,elephant,elephant_frame_0001_t000-47_0.png
cp_0293_hippo2_frame_0057_t011-68,hippo2_frame_0057_t011-68,antelope,antelope_frame_0038_t007-87_0.png
cp_0294_chimpanzees_port_frame_0226_t045-47,chimpanzees_port_frame_0226_t045-47,elephant,elephant_frame_0006_t001-47_1.png
cp_0294_chimpanzees_port_frame_0226_t045-47,chimpanzees_port_frame_0226_t045-47,elephant,elephant_frame_0021_t004-47_0.png
cp_0295_chimpanzees_land_frame_0071_t014-47,chimpanzees_land_frame_0071_t014-47,elephant,elephant_frame_0020_t004-27_0.png
cp_0295_chimpanzees_land_frame_0071_t014-47,chimpanzees_land_frame_0071_t014-47,bird,hippo2_frame_0030_t006-26_8.png
cp_0295_chimpanzees_land_frame_0071_t014-47,chimpanzees_land_frame_0071_t014-47,antelope,antelope_frame_0095_t019-27_1.png
cp_0296_hippo_frame_0051_t010-47,hippo_frame_0051_t010-47,bird,hippo2_frame_0030_t006-26_8.png
cp_0297_chimpanzees_port_frame_0222_t044-67,chimpanzees_port_frame_0222_t044-67,antelope,antelope_frame_0059_t012-07_0.png
cp_0298_gorillas2_frame_0016_t003-46,gorillas2_frame_0016_t003-46,bird,hippo2_frame_0001_t000-46_5.png
cp_0298_gorillas2_frame_0016_t003-46,gorillas2_frame_0016_t003-46,elephant,elephant_frame_0001_t000-47_0.png
cp_0299_chimpanzees_port_frame_0292_t058-67,chimpanzees_port_frame_0292_t058-67,bird,hippo2_frame_0017_t003-67_6.png
cp_0300_hippo2_frame_0179_t036-08,hippo2_frame_0179_t036-08,antelope,antelope_frame_0041_t008-47_0.png
cp_0300_hippo2_frame_0179_t036-08,hippo2_frame_0179_t036-08,antelope,antelope_frame_0079_t016-07_1.png
cp_0301_hog_frame_0090_t018-27,hog_frame_0090_t018-27,bird,hippo2_frame_0018_t003-88_9.png
cp_0301_hog_frame_0090_t018-27,hog_frame_0090_t018-27,bird,hippo2_frame_0003_t000-88_5.png
cp_0301_hog_frame_0090_t018-27,hog_frame_0090_t018-27,antelope,antelope_frame_0024_t005-07_0.png
cp_0302_gorillas_frame_0001_t000-46,gorillas_frame_0001_t000-46,elephant,elephant_frame_0025_t005-27_1.png
cp_0302_gorillas_frame_0001_t000-46,gorillas_frame_0001_t000-46,antelope,antelope_frame_0010_t002-27_0.png
cp_0302_gorillas_frame_0001_t000-46,gorillas_frame_0001_t000-46,bird,hippo2_frame_0011_t002-46_9.png
cp_0303_chimpanzees_port_frame_0116_t023-47,chimpanzees_port_frame_0116_t023-47,elephant,elephant_frame_0029_t006-07_1.png
cp_0303_chimpanzees_port_frame_0116_t023-47,chimpanzees_port_frame_0116_t023-47,bird,hippo2_frame_0022_t004-67_5.png
cp_0303_chimpanzees_port_frame_0116_t023-47,chimpanzees_port_frame_0116_t023-47,antelope,antelope_frame_0057_t011-67_0.png
cp_0304_chimpanzees_port_frame_0189_t038-07,chimpanzees_port_frame_0189_t038-07,antelope,antelope_frame_0085_t017-27_0.png
cp_0304_chimpanzees_port_frame_0189_t038-07,chimpanzees_port_frame_0189_t038-07,elephant,elephant_frame_0000_t000-27_1.png
cp_0305_chimpanzees_port_frame_0192_t038-67,chimpanzees_port_frame_0192_t038-67,bird,hippo2_frame_0010_t002-25_5.png
cp_0306_antelope_frame_0062_t012-67,antelope_frame_0062_t012-67,bird,hippo2_frame_0007_t001-67_6.png
cp_0306_antelope_frame_0062_t012-67,antelope_frame_0062_t012-67,elephant,elephant_frame_0001_t000-47_1.png
cp_0307_hog_frame_0037_t007-67,hog_frame_0037_t007-67,antelope,antelope_frame_0063_t012-87_0.png
cp_0307_hog_frame_0037_t007-67,hog_frame_0037_t007-67,elephant,elephant_frame_0014_t003-07_1.png
cp_0308_hippo_frame_0013_t002-87,hippo_frame_0013_t002-87,antelope,antelope_frame_0081_t016-47_1.png
cp_0308_hippo_frame_0013_t002-87,hippo_frame_0013_t002-87,elephant,elephant_frame_0005_t001-27_1.png
cp_0308_hippo_frame_0013_t002-87,hippo_frame_0013_t002-87,bird,hippo2_frame_0027_t005-67_8.png
cp_0309_hog_frame_0088_t017-87,hog_frame_0088_t017-87,antelope,antelope_frame_0054_t011-07_0.png
cp_0310_hog_frame_0013_t002-87,hog_frame_0013_t002-87,antelope,antelope_frame_0042_t008-67_0.png
cp_0310_hog_frame_0013_t002-87,hog_frame_0013_t002-87,elephant,elephant_frame_0014_t003-07_1.png
cp_0310_hog_frame_0013_t002-87,hog_frame_0013_t002-87,elephant,elephant_frame_0010_t002-27_1.png
cp_0311_chimpanzees_port_frame_0174_t035-07,chimpanzees_port_frame_0174_t035-07,elephant,elephant_frame_0003_t000-87_1.png
cp_0311_chimpanzees_port_frame_0174_t035-07,chimpanzees_port_frame_0174_t035-07,antelope,antelope_frame_0036_t007-47_0.png
cp_0312_hog_frame_0067_t013-67,hog_frame_0067_t013-67,elephant,elephant_frame_0000_t000-27_0.png
cp_0312_hog_frame_0067_t013-67,hog_frame_0067_t013-67,bird,hippo2_frame_0028_t005-88_4.png
cp_0313_chimpanzees_port_frame_0173_t034-87,chimpanzees_port_frame_0173_t034-87,elephant,elephant_frame_0026_t005-47_1.png
cp_0313_chimpanzees_port_frame_0173_t034-87,chimpanzees_port_frame_0173_t034-87,elephant,elephant_frame_0006_t001-47_1.png
cp_0313_chimpanzees_port_frame_0173_t034-87,chimpanzees_port_frame_0173_t034-87,antelope,antelope_frame_0027_t005-67_0.png
cp_0314_gorillas3_frame_0002_t000-67,gorillas3_frame_0002_t000-67,antelope,antelope_frame_0042_t008-67_0.png
cp_0314_gorillas3_frame_0002_t000-67,gorillas3_frame_0002_t000-67,antelope,antelope_frame_0051_t010-47_0.png
cp_0314_gorillas3_frame_0002_t000-67,gorillas3_frame_0002_t000-67,antelope,antelope_frame_0028_t005-87_0.png
cp_0315_elephant_frame_0026_t005-47,elephant_frame_0026_t005-47,elephant,elephant_frame_0003_t000-87_0.png
cp_0315_elephant_frame_0026_t005-47,elephant_frame_0026_t005-47,elephant,elephant_frame_0016_t003-47_1.png
cp_0315_elephant_frame_0026_t005-47,elephant_frame_0026_t005-47,bird,hippo2_frame_0010_t002-25_7.png
cp_0316_hippo2_frame_0149_t030-07,hippo2_frame_0149_t030-07,elephant,elephant_frame_0000_t000-27_1.png
cp_0316_hippo2_frame_0149_t030-07,hippo2_frame_0149_t030-07,elephant,elephant_frame_0007_t001-67_1.png
cp_0317_hippo_frame_0034_t007-07,hippo_frame_0034_t007-07,antelope,antelope_frame_0069_t014-07_1.png
cp_0317_hippo_frame_0034_t007-07,hippo_frame_0034_t007-07,bird,hippo2_frame_0012_t002-67_9.png
cp_0318_antelope_frame_0007_t001-67,antelope_frame_0007_t001-67,bird,hippo2_frame_0040_t008-26_4.png
cp_0318_antelope_frame_0007_t001-67,antelope_frame_0007_t001-67,bird,hippo2_frame_0100_t020-27_4.png
cp_0319_hippo2_frame_0180_t036-24,hippo2_frame_0180_t036-24,bird,hippo2_frame_0028_t005-88_4.png
cp_0319_hippo2_frame_0180_t036-24,hippo2_frame_0180_t036-24,elephant,elephant_frame_0025_t005-27_1.png
cp_0320_hippo_frame_0009_t002-07,hippo_frame_0009_t002-07,antelope,antelope_frame_0014_t003-07_0.png
cp_0321_chimpanzees_port_frame_0246_t049-47,chimpanzees_port_frame_0246_t049-47,elephant,elephant_frame_0028_t005-87_1.png
cp_0321_chimpanzees_port_frame_0246_t049-47,chimpanzees_port_frame_0246_t049-47,elephant,elephant_frame_0005_t001-27_1.png
cp_0321_chimpanzees_port_frame_0246_t049-47,chimpanzees_port_frame_0246_t049-47,bird,hippo2_frame_0024_t005-05_9.png
cp_0322_hippo2_frame_0134_t027-07,hippo2_frame_0134_t027-07,bird,hippo2_frame_0035_t007-26_7.png
cp_0322_hippo2_frame_0134_t027-07,hippo2_frame_0134_t027-07,bird,hippo2_frame_0024_t005-05_4.png
cp_0323_antelope_frame_0012_t002-67,antelope_frame_0012_t002-67,antelope,antelope_frame_0055_t011-27_0.png
cp_0323_antelope_frame_0012_t002-67,antelope_frame_0012_t002-67,bird,hippo2_frame_0100_t020-27_4.png
cp_0324_antelope_frame_0017_t003-67,antelope_frame_0017_t003-67,bird,hippo2_frame_0003_t000-88_5.png
cp_0325_chimpanzees_port_frame_0176_t035-47,chimpanzees_port_frame_0176_t035-47,bird,hippo2_frame_0020_t004-25_5.png
cp_0325_chimpanzees_port_frame_0176_t035-47,chimpanzees_port_frame_0176_t035-47,elephant,elephant_frame_0002_t000-67_0.png
cp_0326_hippo2_frame_0032_t006-67,hippo2_frame_0032_t006-67,antelope,antelope_frame_0082_t016-67_1.png
cp_0326_hippo2_frame_0032_t006-67,hippo2_frame_0032_t006-67,bird,hippo2_frame_0042_t008-68_7.png
cp_0326_hippo2_frame_0032_t006-67,hippo2_frame_0032_t006-67,elephant,elephant_frame_0023_t004-87_0.png
cp_0327_gorillas3_frame_0015_t003-25,gorillas3_frame_0015_t003-25,elephant,elephant_frame_0025_t005-27_1.png
cp_0327_gorillas3_frame_0015_t003-25,gorillas3_frame_0015_t003-25,antelope,antelope_frame_0038_t007-87_0.png
cp_0328_hippo2_frame_0059_t012-05,hippo2_frame_0059_t012-05,bird,hippo2_frame_0017_t003-67_5.png
cp_0328_hippo2_frame_0059_t012-05,hippo2_frame_0059_t012-05,elephant,elephant_frame_0013_t002-87_1.png
cp_0329_chimpanzees_land_frame_0018_t003-87,chimpanzees_land_frame_0018_t003-87,bird,hippo2_frame_0029_t006-05_4.png
cp_0329_chimpanzees_land_frame_0018_t003-87,chimpanzees_land_frame_0018_t003-87,antelope,antelope_frame_0064_t013-07_1.png
cp_0329_chimpanzees_land_frame_0018_t003-87,chimpanzees_land_frame_0018_t003-87,bird,hippo2_frame_0013_t002-88_6.png
cp_0330_hippo_frame_0009_t002-07,hippo_frame_0009_t002-07,elephant,elephant_frame_0009_t002-07_1.png
cp_0331_chimpanzees_port_frame_0184_t037-07,chimpanzees_port_frame_0184_t037-07,antelope,antelope_frame_0026_t005-47_0.png
cp_0331_chimpanzees_port_frame_0184_t037-07,chimpanzees_port_frame_0184_t037-07,antelope,antelope_frame_0026_t005-47_0.png
cp_0332_gorillas2_frame_0000_t000-25,gorillas2_frame_0000_t000-25,bird,hippo2_frame_0015_t003-25_5.png
cp_0333_hippo_frame_0050_t010-27,hippo_frame_0050_t010-27,elephant,elephant_frame_0001_t000-47_1.png
cp_0333_hippo_frame_0050_t010-27,hippo_frame_0050_t010-27,bird,hippo2_frame_0014_t003-04_6.png
cp_0334_hippo2_frame_0128_t025-86,hippo2_frame_0128_t025-86,antelope,antelope_frame_0043_t008-87_0.png
cp_0335_hippo_frame_0063_t012-87,hippo_frame_0063_t012-87,elephant,elephant_frame_0006_t001-47_1.png
cp_0335_hippo_frame_0063_t012-87,hippo_frame_0063_t012-87,bird,hippo2_frame_0029_t006-05_4.png
cp_0336_chimpanzees_port_frame_0280_t056-27,chimpanzees_port_frame_0280_t056-27,bird,hippo2_frame_0037_t007-67_4.png
cp_0336_chimpanzees_port_frame_0280_t056-27,chimpanzees_port_frame_0280_t056-27,bird,hippo2_frame_0023_t004-88_9.png
cp_0337_hog_frame_0025_t005-27,hog_frame_0025_t005-27,bird,hippo2_frame_0028_t005-88_4.png
cp_0337_hog_frame_0025_t005-27,hog_frame_0025_t005-27,antelope,antelope_frame_0063_t012-87_0.png
cp_0338_chimpanzees_land_frame_0056_t011-47,chimpanzees_land_frame_0056_t011-47,bird,hippo2_frame_0040_t008-26_4.png
cp_0339_gorillas_frame_0006_t001-46,gorillas_frame_0006_t001-46,elephant,elephant_frame_0027_t005-67_1.png
cp_0340_hippo2_frame_0121_t024-48,hippo2_frame_0121_t024-48,bird,hippo2_frame_0015_t003-25_5.png
cp_0340_hippo2_frame_0121_t024-48,hippo2_frame_0121_t024-48,antelope,antelope_frame_0071_t014-47_1.png
cp_0340_hippo2_frame_0121_t024-48,hippo2_frame_0121_t024-48,elephant,elephant_frame_0005_t001-27_1.png
cp_0341_antelope_frame_0009_t002-07,antelope_frame_0009_t002-07,elephant,elephant_frame_0023_t004-87_0.png
cp_0342_hippo2_frame_0178_t035-87,hippo2_frame_0178_t035-87,antelope,antelope_frame_0072_t014-67_1.png
cp_0342_hippo2_frame_0178_t035-87,hippo2_frame_0178_t035-87,antelope,antelope_frame_0083_t016-87_1.png
cp_0343_chimpanzees_port_frame_0179_t036-07,chimpanzees_port_frame_0179_t036-07,antelope,antelope_frame_0052_t010-67_0.png
cp_0344_hog_frame_0059_t012-07,hog_frame_0059_t012-07,elephant,elephant_frame_0001_t000-47_1.png
cp_0345_hippo_frame_0000_t000-27,hippo_frame_0000_t000-27,elephant,elephant_frame_0022_t004-67_0.png
cp_0346_hippo_frame_0024_t005-07,hippo_frame_0024_t005-07,elephant,elephant_frame_0016_t003-47_1.png
cp_0346_hippo_frame_0024_t005-07,hippo_frame_0024_t005-07,elephant,elephant_frame_0003_t000-87_1.png
cp_0346_hippo_frame_0024_t005-07,hippo_frame_0024_t005-07,elephant,elephant_frame_0009_t002-07_1.png
cp_0347_hippo2_frame_0023_t004-88,hippo2_frame_0023_t004-88,antelope,antelope_frame_0052_t010-67_0.png
cp_0347_hippo2_frame_0023_t004-88,hippo2_frame_0023_t004-88,elephant,elephant_frame_0008_t001-87_1.png
cp_0348_chimpanzees_port_frame_0245_t049-27,chimpanzees_port_frame_0245_t049-27,elephant,elephant_frame_0003_t000-87_0.png
cp_0349_chimpanzees_port_frame_0193_t038-87,chimpanzees_port_frame_0193_t038-87,antelope,antelope_frame_0020_t004-27_0.png
cp_0350_chimpanzees_land_frame_0038_t007-87,chimpanzees_land_frame_0038_t007-87,elephant,elephant_frame_0006_t001-47_1.png
cp_0351_hippo2_frame_0129_t026-07,hippo2_frame_0129_t026-07,antelope,antelope_frame_0089_t018-07_1.png
cp_0352_chimpanzees_port_frame_0144_t029-07,chimpanzees_port_frame_0144_t029-07,elephant,elephant_frame_0025_t005-27_1.png
cp_0352_chimpanzees_port_frame_0144_t029-07,chimpanzees_port_frame_0144_t029-07,antelope,antelope_frame_0087_t017-67_1.png
cp_0353_chimpanzees_port_frame_0257_t051-67,chimpanzees_port_frame_0257_t051-67,elephant,elephant_frame_0025_t005-27_1.png
cp_0354_hippo2_frame_0129_t026-07,hippo2_frame_0129_t026-07,antelope,antelope_frame_0041_t008-47_0.png
cp_0355_hog_frame_0074_t015-07,hog_frame_0074_t015-07,elephant,elephant_frame_0028_t005-87_1.png
cp_0356_hippo_frame_0058_t011-87,hippo_frame_0058_t011-87,antelope,antelope_frame_0034_t007-07_0.png
cp_0356_hippo_frame_0058_t011-87,hippo_frame_0058_t011-87,bird,hippo2_frame_0032_t006-67_8.png
cp_0357_chimpanzees_port_frame_0239_t048-07,chimpanzees_port_frame_0239_t048-07,elephant,elephant_frame_0002_t000-67_0.png
cp_0357_chimpanzees_port_frame_0239_t048-07,chimpanzees_port_frame_0239_t048-07,antelope,antelope_frame_0073_t014-87_1.png
cp_0357_chimpanzees_port_frame_0239_t048-07,chimpanzees_port_frame_0239_t048-07,bird,hippo2_frame_0015_t003-25_4.png
cp_0358_gorillas2_frame_0037_t007-67,gorillas2_frame_0037_t007-67,antelope,antelope_frame_0024_t005-07_0.png
cp_0359_hog_frame_0003_t000-87,hog_frame_0003_t000-87,bird,hippo2_frame_0015_t003-25_6.png
cp_0360_antelope_frame_0022_t004-67,antelope_frame_0022_t004-67,antelope,antelope_frame_0087_t017-67_0.png
cp_0361_hippo2_frame_0170_t034-24,hippo2_frame_0170_t034-24,bird,hippo2_frame_0003_t000-88_7.png
cp_0361_hippo2_frame_0170_t034-24,hippo2_frame_0170_t034-24,elephant,elephant_frame_0029_t006-07_1.png
cp_0362_hippo2_frame_0057_t011-68,hippo2_frame_0057_t011-68,antelope,antelope_frame_0006_t001-47_0.png
cp_0363_elephant_frame_0022_t004-67,elephant_frame_0022_t004-67,antelope,antelope_frame_0060_t012-27_0.png
cp_0363_elephant_frame_0022_t004-67,elephant_frame_0022_t004-67,bird,hippo2_frame_0100_t020-27_4.png
cp_0364_chimpanzees_port_frame_0234_t047-07,chimpanzees_port_frame_0234_t047-07,elephant,elephant_frame_0023_t004-87_0.png
cp_0364_chimpanzees_port_frame_0234_t047-07,chimpanzees_port_frame_0234_t047-07,elephant,elephant_frame_0026_t005-47_1.png
cp_0365_chimpanzees_port_frame_0118_t023-87,chimpanzees_port_frame_0118_t023-87,antelope,antelope_frame_0031_t006-47_0.png
cp_0365_chimpanzees_port_frame_0118_t023-87,chimpanzees_port_frame_0118_t023-87,antelope,antelope_frame_0087_t017-67_0.png
cp_0366_hippo2_frame_0146_t029-45,hippo2_frame_0146_t029-45,elephant,elephant_frame_0004_t001-07_0.png
cp_0367_chimpanzees_land_frame_0031_t006-47,chimpanzees_land_frame_0031_t006-47,antelope,antelope_frame_0038_t007-87_0.png
cp_0367_chimpanzees_land_frame_0031_t006-47,chimpanzees_land_frame_0031_t006-47,elephant,elephant_frame_0007_t001-67_1.png
cp_0367_chimpanzees_land_frame_0031_t006-47,chimpanzees_land_frame_0031_t006-47,bird,hippo2_frame_0102_t020-65_6.png
cp_0368_hippo2_frame_0169_t034-08,hippo2_frame_0169_t034-08,bird,hippo2_frame_0006_t001-46_5.png
cp_0368_hippo2_frame_0169_t034-08,hippo2_frame_0169_t034-08,bird,hippo2_frame_0013_t002-88_6.png
cp_0369_hippo2_frame_0095_t019-27,hippo2_frame_0095_t019-27,bird,hippo2_frame_0032_t006-67_8.png
cp_0370_hog_frame_0086_t017-47,hog_frame_0086_t017-47,elephant,elephant_frame_0000_t000-27_1.png
cp_0371_hog_frame_0018_t003-87,hog_frame_0018_t003-87,bird,hippo2_frame_0111_t022-48_4.png
cp_0372_hog_frame_0003_t000-87,hog_frame_0003_t000-87,antelope,antelope_frame_0014_t003-07_0.png
cp_0373_chimpanzees_land_frame_0040_t008-27,chimpanzees_land_frame_0040_t008-27,antelope,antelope_frame_0033_t006-87_0.png
cp_0373_chimpanzees_land_frame_0040_t008-27,chimpanzees_land_frame_0040_t008-27,elephant,elephant_frame_0010_t002-27_1.png
cp_0374_chimpanzees_port_frame_0162_t032-67,chimpanzees_port_frame_0162_t032-67,bird,hippo2_frame_0026_t005-46_4.png
cp_0375_gorillas2_frame_0014_t003-04,gorillas2_frame_0014_t003-04,bird,hippo2_frame_0109_t022-06_4.png
cp_0375_gorillas2_frame_0014_t003-04,gorillas2_frame_0014_t003-04,antelope,antelope_frame_0098_t019-87_1.png
cp_0376_hog_frame_0033_t006-87,hog_frame_0033_t006-87,bird,hippo2_frame_0012_t002-67_5.png
cp_0377_hippo2_frame_0043_t008-84,hippo2_frame_0043_t008-84,bird,hippo2_frame_0001_t000-46_5.png
cp_0377_hippo2_frame_0043_t008-84,hippo2_frame_0043_t008-84,elephant,elephant_frame_0024_t005-07_0.png
cp_0377_hippo2_frame_0043_t008-84,hippo2_frame_0043_t008-84,elephant,elephant_frame_0013_t002-87_1.png
cp_0378_hippo2_frame_0137_t027-65,hippo2_frame_0137_t027-65,bird,hippo2_frame_0032_t006-67_8.png
cp_0379_chimpanzees_land_frame_0050_t010-27,chimpanzees_land_frame_0050_t010-27,elephant,elephant_frame_0009_t002-07_1.png
cp_0379_chimpanzees_land_frame_0050_t010-27,chimpanzees_land_frame_0050_t010-27,bird,hippo2_frame_0011_t002-46_7.png
cp_0379_chimpanzees_land_frame_0050_t010-27,chimpanzees_land_frame_0050_t010-27,elephant,elephant_frame_0002_t000-67_1.png
cp_0380_antelope_frame_0076_t015-47,antelope_frame_0076_t015-47,elephant,elephant_frame_0001_t000-47_0.png
cp_0381_gorillas3_frame_0032_t006-67,gorillas3_frame_0032_t006-67,bird,hippo2_frame_0011_t002-46_7.png
cp_0381_gorillas3_frame_0032_t006-67,gorillas3_frame_0032_t006-67,bird,hippo2_frame_0025_t005-26_4.png
cp_0381_gorillas3_frame_0032_t006-67,gorillas3_frame_0032_t006-67,bird,hippo2_frame_0011_t002-46_5.png
cp_0382_chimpanzees_port_frame_0146_t029-47,chimpanzees_port_frame_0146_t029-47,bird,hippo2_frame_0003_t000-88_6.png
cp_0382_chimpanzees_port_frame_0146_t029-47,chimpanzees_port_frame_0146_t029-47,elephant,elephant_frame_0003_t000-87_1.png
cp_0383_chimpanzees_port_frame_0226_t045-47,chimpanzees_port_frame_0226_t045-47,antelope,antelope_frame_0040_t008-27_0.png
cp_0383_chimpanzees_port_frame_0226_t045-47,chimpanzees_port_frame_0226_t045-47,elephant,elephant_frame_0000_t000-27_1.png
cp_0383_chimpanzees_port_frame_0226_t045-47,chimpanzees_port_frame_0226_t045-47,elephant,elephant_frame_0003_t000-87_1.png
cp_0384_chimpanzees_port_frame_0237_t047-67,chimpanzees_port_frame_0237_t047-67,elephant,elephant_frame_0023_t004-87_0.png
cp_0384_chimpanzees_port_frame_0237_t047-67,chimpanzees_port_frame_0237_t047-67,antelope,antelope_frame_0029_t006-07_0.png
cp_0385_hog_frame_0008_t001-87,hog_frame_0008_t001-87,elephant,elephant_frame_0007_t001-67_1.png
cp_0386_chimpanzees_port_frame_0282_t056-67,chimpanzees_port_frame_0282_t056-67,elephant,elephant_frame_0002_t000-67_1.png
cp_0387_hippo2_frame_0174_t035-08,hippo2_frame_0174_t035-08,bird,hippo2_frame_0004_t001-04_7.png
cp_0388_chimpanzees_land_frame_0005_t001-27,chimpanzees_land_frame_0005_t001-27,bird,hippo2_frame_0033_t006-88_4.png
cp_0389_hippo2_frame_0114_t023-06,hippo2_frame_0114_t023-06,antelope,antelope_frame_0025_t005-27_0.png
cp_0389_hippo2_frame_0114_t023-06,hippo2_frame_0114_t023-06,bird,hippo2_frame_0013_t002-88_4.png
cp_0390_chimpanzees_port_frame_0249_t050-07,chimpanzees_port_frame_0249_t050-07,bird,hippo2_frame_0102_t020-65_4.png
cp_0391_chimpanzees_port_frame_0150_t030-27,chimpanzees_port_frame_0150_t030-27,antelope,antelope_frame_0001_t000-47_0.png
cp_0391_chimpanzees_port_frame_0150_t030-27,chimpanzees_port_frame_0150_t030-27,bird,hippo2_frame_0035_t007-26_4.png
cp_0392_chimpanzees_land_frame_0051_t010-47,chimpanzees_land_frame_0051_t010-47,elephant,elephant_frame_0010_t002-27_1.png
cp_0392_chimpanzees_land_frame_0051_t010-47,chimpanzees_land_frame_0051_t010-47,elephant,elephant_frame_0012_t002-67_1.png
cp_0393_chimpanzees_port_frame_0179_t036-07,chimpanzees_port_frame_0179_t036-07,elephant,elephant_frame_0003_t000-87_1.png
cp_0393_chimpanzees_port_frame_0179_t036-07,chimpanzees_port_frame_0179_t036-07,elephant,elephant_frame_0025_t005-27_1.png
cp_0394_chimpanzees_port_frame_0247_t049-67,chimpanzees_port_frame_0247_t049-67,antelope,antelope_frame_0048_t009-87_0.png
cp_0394_chimpanzees_port_frame_0247_t049-67,chimpanzees_port_frame_0247_t049-67,elephant,elephant_frame_0019_t004-07_0.png
cp_0395_hippo2_frame_0039_t008-05,hippo2_frame_0039_t008-05,antelope,antelope_frame_0061_t012-47_1.png
cp_0396_hog_frame_0020_t004-27,hog_frame_0020_t004-27,elephant,elephant_frame_0007_t001-67_1.png
cp_0396_hog_frame_0020_t004-27,hog_frame_0020_t004-27,bird,hippo2_frame_0004_t001-04_5.png
cp_0397_chimpanzees_port_frame_0184_t037-07,chimpanzees_port_frame_0184_t037-07,bird,hippo2_frame_0031_t006-46_8.png
cp_0398_hippo_frame_0031_t006-47,hippo_frame_0031_t006-47,bird,hippo2_frame_0038_t007-88_4.png
cp_0398_hippo_frame_0031_t006-47,hippo_frame_0031_t006-47,antelope,antelope_frame_0024_t005-07_0.png
cp_0399_antelope_frame_0026_t005-47,antelope_frame_0026_t005-47,bird,hippo2_frame_0005_t001-25_5.png
cp_0399_antelope_frame_0026_t005-47,antelope_frame_0026_t005-47,bird,hippo2_frame_0003_t000-88_6.png
