config,seed,video,frames,top1_correct,any_correct,wrong_conf50
S0,0,elephantANP,59,0.0,0.0,0.136
S0,0,elephantCTPH,101,0.0,0.0,0.327
S0,0,hippoLQ,89,0.247,0.258,0.011
S0,0,warthog,56,0.0,0.0,0.0
S0,1,elephantANP,59,0.0,0.0,0.424
S0,1,elephantCTPH,101,0.079,0.089,0.327
S0,1,hippoLQ,89,0.124,0.135,0.011
S0,1,warthog,56,0.018,0.018,0.018
S0,2,elephantANP,59,0.0,0.0,0.051
S0,2,elephantCTPH,101,0.05,0.05,0.248
S0,2,hippoLQ,89,0.315,0.315,0.0
S0,2,warthog,56,0.018,0.018,0.214
S1,0,elephantANP,59,0.0,0.017,0.627
S1,0,elephantCTPH,101,0.436,0.733,0.594
S1,0,hippoLQ,89,0.91,0.944,0.034
S1,0,warthog,56,0.179,0.286,0.286
S1,1,elephantANP,59,0.0,0.0,0.203
S1,1,elephantCTPH,101,0.228,0.307,0.347
S1,1,hippoLQ,89,0.573,0.573,0.0
S1,1,warthog,56,0.161,0.161,0.0
S1,2,elephantANP,59,0.0,0.0,0.136
S1,2,elephantCTPH,101,0.03,0.168,0.832
S1,2,hippoLQ,89,0.258,0.303,0.011
S1,2,warthog,56,0.179,0.232,0.179
S2sam,0,elephantANP,59,0.0,0.017,0.729
S2sam,0,elephantCTPH,101,0.713,0.891,0.287
S2sam,0,hippoLQ,89,0.258,0.382,0.247
S2sam,0,warthog,56,0.643,0.696,0.089
S2sam,1,elephantANP,59,0.085,0.119,0.305
S2sam,1,elephantCTPH,101,0.842,0.931,0.386
S2sam,1,hippoLQ,89,0.124,0.225,0.247
S2sam,1,warthog,56,0.161,0.179,0.214
S2sam,2,elephantANP,59,0.0,0.0,0.441
S2sam,2,elephantCTPH,101,0.406,0.683,0.752
S2sam,2,hippoLQ,89,0.854,0.91,0.079
S2sam,2,warthog,56,0.179,0.179,0.411
S3rfs,0,elephantANP,59,0.0,0.017,0.559
S3rfs,0,elephantCTPH,101,0.069,0.198,0.921
S3rfs,0,hippoLQ,89,0.933,0.933,0.0
S3rfs,0,warthog,56,0.196,0.232,0.482
S3rfs,1,elephantANP,59,0.0,0.0,0.441
S3rfs,1,elephantCTPH,101,0.109,0.337,0.713
S3rfs,1,hippoLQ,89,0.798,0.809,0.067
S3rfs,1,warthog,56,0.268,0.304,0.054
S3rfs,2,elephantANP,59,0.017,0.017,0.186
S3rfs,2,elephantCTPH,101,0.02,0.079,0.812
S3rfs,2,hippoLQ,89,0.742,0.809,0.079
S3rfs,2,warthog,56,0.482,0.482,0.018
S3w,0,elephantANP,59,0.0,0.0,0.068
S3w,0,elephantCTPH,101,0.099,0.267,0.762
S3w,0,hippoLQ,89,0.382,0.382,0.0
S3w,0,warthog,56,0.143,0.161,0.107
S3w,1,elephantANP,59,0.0,0.017,0.119
S3w,1,elephantCTPH,101,0.069,0.188,0.881
S3w,1,hippoLQ,89,0.393,0.393,0.045
S3w,1,warthog,56,0.179,0.179,0.196
S3w,2,elephantANP,59,0.051,0.051,0.203
S3w,2,elephantCTPH,101,0.109,0.366,0.683
S3w,2,hippoLQ,89,0.303,0.303,0.0
S3w,2,warthog,56,0.339,0.357,0.071
