dataset,unit,class,split,frames,boxes,median_area_pct
wildlife-yolo-naive,antelope,antelope,test,22,132,0.369
wildlife-yolo-naive,antelope,antelope,train,99,137,1.003
wildlife-yolo-naive,antelope,antelope,val,21,78,0.569
wildlife-yolo-naive,chimpanzees,chimpanzee,test,57,81,0.389
wildlife-yolo-naive,chimpanzees,chimpanzee,train,261,944,2.023
wildlife-yolo-naive,chimpanzees,chimpanzee,val,56,138,0.285
wildlife-yolo-naive,chimpanzees,hippo,train,261,10,0.449
wildlife-yolo-naive,elephant,elephant,test,7,14,3.544
wildlife-yolo-naive,elephant,elephant,train,30,60,1.942
wildlife-yolo-naive,elephant,elephant,val,6,12,3.689
wildlife-yolo-naive,gorillas,elephant,test,8,8,26.872
wildlife-yolo-naive,gorillas,elephant,train,30,30,26.872
wildlife-yolo-naive,gorillas,elephant,val,6,6,26.872
wildlife-yolo-naive,gorillas,gorilla,test,8,8,38.994
wildlife-yolo-naive,gorillas,gorilla,train,30,30,38.994
wildlife-yolo-naive,gorillas,gorilla,val,6,6,38.994
wildlife-yolo-naive,gorillas2,gorilla,test,10,20,24.186
wildlife-yolo-naive,gorillas2,gorilla,train,42,84,26.504
wildlife-yolo-naive,gorillas2,gorilla,val,9,18,24.186
wildlife-yolo-naive,gorillas3,gorilla,test,8,16,14.274
wildlife-yolo-naive,gorillas3,gorilla,train,33,53,25.557
wildlife-yolo-naive,gorillas3,gorilla,val,7,14,19.873
wildlife-yolo-naive,hippo,elephant,train,70,1,0.321
wildlife-yolo-naive,hippo,hippo,test,15,22,1.814
wildlife-yolo-naive,hippo,hippo,train,70,144,0.21
wildlife-yolo-naive,hippo,hippo,val,15,44,1.814
wildlife-yolo-naive,hippo2,bird,test,41,67,0.494
wildlife-yolo-naive,hippo2,bird,train,186,244,0.392
wildlife-yolo-naive,hippo2,bird,val,40,68,0.32
wildlife-yolo-naive,hippo2,hippo,test,41,164,14.706
wildlife-yolo-naive,hippo2,hippo,train,186,691,8.155
wildlife-yolo-naive,hippo2,hippo,val,40,144,13.626
wildlife-yolo-naive,hippo2,hog,train,186,12,0.289
wildlife-yolo-naive,hog,hog,test,22,73,0.685
wildlife-yolo-naive,hog,hog,train,98,251,0.738
wildlife-yolo-naive,hog,hog,val,21,85,0.715
wildlife-yolo,antelope,antelope,test,22,132,0.369
wildlife-yolo,antelope,antelope,train,99,137,1.003
wildlife-yolo,antelope,antelope,val,21,78,0.569
wildlife-yolo,chimpanzees_land,chimpanzee,test,18,87,5.685
wildlife-yolo,chimpanzees_land,chimpanzee,train,78,443,5.039
wildlife-yolo,chimpanzees_land,chimpanzee,val,16,70,5.685
wildlife-yolo,chimpanzees_land,hippo,train,78,10,0.449
wildlife-yolo,chimpanzees_port,chimpanzee,test,40,51,1.23
wildlife-yolo,chimpanzees_port,chimpanzee,train,183,428,0.868
wildlife-yolo,chimpanzees_port,chimpanzee,val,39,84,0.894
wildlife-yolo,elephant,elephant,test,7,14,3.544
wildlife-yolo,elephant,elephant,train,30,60,1.942
wildlife-yolo,elephant,elephant,val,6,12,3.689
wildlife-yolo,gorillas,elephant,test,8,8,26.872
wildlife-yolo,gorillas,elephant,train,30,30,26.872
wildlife-yolo,gorillas,elephant,val,6,6,26.872
wildlife-yolo,gorillas,gorilla,test,8,8,38.994
wildlife-yolo,gorillas,gorilla,train,30,30,38.994
wildlife-yolo,gorillas,gorilla,val,6,6,38.994
wildlife-yolo,gorillas2,gorilla,test,10,20,24.186
wildlife-yolo,gorillas2,gorilla,train,42,84,26.504
wildlife-yolo,gorillas2,gorilla,val,9,18,24.186
wildlife-yolo,gorillas3,gorilla,test,8,16,14.274
wildlife-yolo,gorillas3,gorilla,train,33,53,25.557
wildlife-yolo,gorillas3,gorilla,val,7,14,19.873
wildlife-yolo,hippo,elephant,train,70,1,0.321
wildlife-yolo,hippo,hippo,test,15,22,1.814
wildlife-yolo,hippo,hippo,train,70,144,0.21
wildlife-yolo,hippo,hippo,val,15,44,1.814
wildlife-yolo,hippo2,bird,test,41,67,0.494
wildlife-yolo,hippo2,bird,train,186,244,0.392
wildlife-yolo,hippo2,bird,val,40,68,0.32
wildlife-yolo,hippo2,hippo,test,41,164,14.706
wildlife-yolo,hippo2,hippo,train,186,691,8.155
wildlife-yolo,hippo2,hippo,val,40,144,13.626
wildlife-yolo,hippo2,hog,train,186,12,0.289
wildlife-yolo,hog,hog,test,22,73,0.685
wildlife-yolo,hog,hog,train,98,251,0.738
wildlife-yolo,hog,hog,val,21,85,0.715
