comparison,class,metric,change,t,beyond_noise
S0 -> S1,all,mAP50,0.07533333333333314,4.894573324613564,True
S0 -> S1,all,mAP50-95,0.018000000000000016,3.780756226875626,True
S0 -> S1,all,recall,0.04399999999999993,1.7763385054813645,False
S0 -> S1,antelope,mAP50,0.13233333333333325,2.8112932561971857,True
S0 -> S1,antelope,mAP50-95,0.025333333333333374,0.9598745066059265,False
S0 -> S1,antelope,recall,0.028666666666666674,1.7782111960385847,False
S0 -> S1,bird,mAP50,0.06666666666666668,1.084413106697247,False
S0 -> S1,bird,mAP50-95,0.06113333333333332,2.2521978662063162,False
S0 -> S1,bird,recall,0.0015666666666666745,0.04799898275393181,False
S0 -> S1,chimpanzee,mAP50,0.05300000000000005,3.5048903777103737,True
S0 -> S1,chimpanzee,mAP50-95,0.008000000000000007,0.6259686371487613,False
S0 -> S1,chimpanzee,recall,0.017000000000000015,0.45652323220013885,False
S0 -> S1,elephant,mAP50,0.18599999999999994,5.30923170865901,True
S0 -> S1,elephant,mAP50-95,0.027000000000000024,1.6391254334956182,False
S0 -> S1,elephant,recall,0.19399999999999995,5.0566653908545325,True
S0 -> S1,gorilla,mAP50,0.00533333333333319,0.30803425146259905,False
S0 -> S1,gorilla,mAP50-95,-0.08433333333333337,-6.143383079409709,True
S0 -> S1,gorilla,recall,0.013666666666666716,0.2947352976219635,False
S0 -> S1,hippo,mAP50,0.08566666666666667,3.874420777824265,True
S0 -> S1,hippo,mAP50-95,0.09200000000000003,2.95107005180643,True
S0 -> S1,hippo,recall,0.055333333333333345,0.7901089915779358,False
S0 -> S1,hog,mAP50,-0.0006666666666665932,-0.08283153665624904,False
S0 -> S1,hog,mAP50-95,-0.0023333333333332984,-0.13770565818880892,False
S0 -> S1,hog,recall,-0.0016666666666667052,-0.12901346454777984,False
S1 -> S2sam,all,mAP50,-0.02066666666666661,-0.8183436998901017,False
S1 -> S2sam,all,mAP50-95,0.009333333333333305,2.2563042992710636,False
S1 -> S2sam,all,recall,0.018333333333333424,0.6518125118174725,False
S1 -> S2sam,antelope,mAP50,-0.09266666666666667,-1.4713732403033575,False
S1 -> S2sam,antelope,mAP50-95,-0.029333333333333322,-1.2795347991850712,False
S1 -> S2sam,antelope,recall,-0.0033333333333332993,-0.10120648819158758,False
S1 -> S2sam,bird,mAP50,0.0933333333333333,0.9647260545421418,False
S1 -> S2sam,bird,mAP50-95,0.0034666666666666734,0.08618779926479415,False
S1 -> S2sam,bird,recall,0.24029999999999993,4.5513222981332,True
S1 -> S2sam,chimpanzee,mAP50,-0.011333333333333417,-0.62283180963022,False
S1 -> S2sam,chimpanzee,mAP50-95,-0.013333333333333308,-1.133185399340144,False
S1 -> S2sam,chimpanzee,recall,0.04966666666666675,1.289089406133645,False
S1 -> S2sam,elephant,mAP50,-0.11499999999999988,-2.2167366168841793,False
S1 -> S2sam,elephant,mAP50-95,-0.011666666666666714,-0.6757058953059228,False
S1 -> S2sam,elephant,recall,-0.14833333333333343,-2.2222516630495606,False
S1 -> S2sam,gorilla,mAP50,0.01000000000000012,0.9837387536759404,False
S1 -> S2sam,gorilla,mAP50-95,0.14366666666666672,5.200325308704141,True
S1 -> S2sam,gorilla,recall,0.028000000000000025,1.1619691113983455,False
S1 -> S2sam,hippo,mAP50,-0.040999999999999925,-1.4860318840700935,False
S1 -> S2sam,hippo,mAP50-95,-0.05033333333333334,-2.0448393712666153,False
S1 -> S2sam,hippo,recall,-0.05233333333333334,-0.6492205485566915,False
S1 -> S2sam,hog,mAP50,0.01200000000000001,1.5322617553657476,False
S1 -> S2sam,hog,mAP50-95,0.02399999999999991,1.0734319060385364,False
S1 -> S2sam,hog,recall,0.014666666666666717,0.6948330860403538,False
S1 -> S3rfs,all,mAP50,-0.036666666666666625,-1.9485055781486862,False
S1 -> S3rfs,all,mAP50-95,-0.0013333333333332975,-0.45883146774111083,False
S1 -> S3rfs,all,recall,0.0003333333333332966,0.014841304429886501,False
S1 -> S3rfs,antelope,mAP50,-0.01733333333333331,-0.41853902539821797,False
S1 -> S3rfs,antelope,mAP50-95,-0.011666666666666659,-0.48452479554813105,False
S1 -> S3rfs,antelope,recall,0.04233333333333339,1.3054683739568436,False
S1 -> S3rfs,bird,mAP50,-0.10140000000000005,-1.2557277949041816,False
S1 -> S3rfs,bird,mAP50-95,-0.03636666666666665,-1.0337680210710383,False
S1 -> S3rfs,bird,recall,0.0015000000000000013,0.038344044915601755,False
S1 -> S3rfs,chimpanzee,mAP50,-0.0003333333333332966,-0.017350028237192006,False
S1 -> S3rfs,chimpanzee,mAP50-95,-0.0006666666666666488,-0.048999595755001166,False
S1 -> S3rfs,chimpanzee,recall,0.049666666666666526,1.1215377949475194,False
S1 -> S3rfs,elephant,mAP50,-0.08199999999999985,-1.1943999458102892,False
S1 -> S3rfs,elephant,mAP50-95,0.009333333333333305,0.49715457695990384,False
S1 -> S3rfs,elephant,recall,-0.10999999999999999,-1.5931064791590857,False
S1 -> S3rfs,gorilla,mAP50,-0.014999999999999791,-0.5073825686187968,False
S1 -> S3rfs,gorilla,mAP50-95,0.06499999999999995,2.3426064283290913,False
S1 -> S3rfs,gorilla,recall,0.0016666666666667052,0.05155461133831435,False
S1 -> S3rfs,hippo,mAP50,-0.05033333333333323,-3.35472733005717,True
S1 -> S3rfs,hippo,mAP50-95,-0.027333333333333376,-1.0534486626468724,False
S1 -> S3rfs,hippo,recall,0.0076666666666667105,0.17304486761685972,False
S1 -> S3rfs,hog,mAP50,0.011333333333333306,1.5406870650601037,False
S1 -> S3rfs,hog,mAP50-95,-0.00666666666666671,-0.40588747923410234,False
S1 -> S3rfs,hog,recall,0.011333333333333417,0.7739274711301802,False
S1 -> S3w,all,mAP50,-0.033333333333333215,-2.2113289104342226,False
S1 -> S3w,all,mAP50-95,0.0003333333333332966,0.05241424183609024,False
S1 -> S3w,all,recall,0.0003333333333332966,0.011789207205418168,False
S1 -> S3w,antelope,mAP50,-0.026666666666666616,-0.7018894192332945,False
S1 -> S3w,antelope,mAP50-95,0.003333333333333355,0.1490546377935536,False
S1 -> S3w,antelope,recall,0.009000000000000008,0.1635402800353539,False
S1 -> S3w,bird,mAP50,-0.03766666666666668,-0.41940544312376626,False
S1 -> S3w,bird,mAP50-95,-0.022266666666666657,-0.6250135253867057,False
S1 -> S3w,bird,recall,0.06463333333333332,0.9514908897578037,False
S1 -> S3w,chimpanzee,mAP50,-0.021666666666666612,-1.586782413155135,False
S1 -> S3w,chimpanzee,mAP50-95,-0.004666666666666652,-0.23072047842247917,False
S1 -> S3w,chimpanzee,recall,0.053999999999999826,1.2950471957669318,False
S1 -> S3w,elephant,mAP50,-0.1463333333333332,-4.707927074976917,True
S1 -> S3w,elephant,mAP50-95,-0.0013333333333334085,-0.05539018745888968,False
S1 -> S3w,elephant,recall,-0.18499999999999983,-7.070780877468376,True
S1 -> S3w,gorilla,mAP50,-0.0003333333333332966,-0.029604462320863556,False
S1 -> S3w,gorilla,mAP50-95,0.047666666666666635,1.587811111329679,False
S1 -> S3w,gorilla,recall,0.004666666666666819,0.1968903826620607,False
S1 -> S3w,hippo,mAP50,-0.009666666666666601,-1.0291714894321224,False
S1 -> S3w,hippo,mAP50-95,-0.017666666666666664,-0.5499097098496932,False
S1 -> S3w,hippo,recall,0.046666666666666745,1.1668287374692379,False
S1 -> S3w,hog,mAP50,0.008000000000000007,0.8355727485873495,False
S1 -> S3w,hog,mAP50-95,-0.0006666666666667598,-0.03652701486859437,False
S1 -> S3w,hog,recall,0.009666666666666712,0.8077399054452646,False
S1 -> S4,all,mAP50,-0.01533333333333331,-1.02551931275573,False
S1 -> S4,all,mAP50-95,-0.0040000000000000036,-1.0954451150103321,False
S1 -> S4,all,recall,0.01100000000000001,0.5107233334725311,False
S1 -> S4,antelope,mAP50,-0.011666666666666603,-0.463911991556639,False
S1 -> S4,antelope,mAP50-95,-0.007666666666666655,-0.6704086429284514,False
S1 -> S4,antelope,recall,0.015333333333333365,0.920921382304035,False
S1 -> S4,bird,mAP50,-0.02733333333333335,-0.35915891634735253,False
S1 -> S4,bird,mAP50-95,-0.034299999999999976,-1.2923485238394494,False
S1 -> S4,bird,recall,0.07756666666666667,1.2779668098006065,False
S1 -> S4,chimpanzee,mAP50,-0.006666666666666599,-0.42756912480900805,False
S1 -> S4,chimpanzee,mAP50-95,-0.002333333333333354,-0.16997502591252256,False
S1 -> S4,chimpanzee,recall,0.050000000000000044,1.361500146724342,False
S1 -> S4,elephant,mAP50,-0.015666666666666496,-0.9305562462739152,False
S1 -> S4,elephant,mAP50-95,0.05066666666666653,3.0399999999999956,True
S1 -> S4,elephant,recall,-0.08266666666666667,-2.727581348392067,False
S1 -> S4,gorilla,mAP50,-0.021666666666666612,-1.1541088393712047,False
S1 -> S4,gorilla,mAP50-95,0.027000000000000024,0.8663721012234218,False
S1 -> S4,gorilla,recall,-0.013666666666666605,-0.49756402182772086,False
S1 -> S4,hippo,mAP50,-0.026666666666666727,-1.8135042137811148,False
S1 -> S4,hippo,mAP50-95,-0.037333333333333385,-1.8197554867835937,False
S1 -> S4,hippo,recall,0.02966666666666662,0.6869771172175616,False
S1 -> S4,hog,mAP50,0.0030000000000000027,0.4057513356003445,False
S1 -> S4,hog,mAP50-95,-0.02200000000000002,-0.683543398635595,False
S1 -> S4,hog,recall,0.002000000000000113,0.14981285083168502,False
